,index,id,gameType,gameDate,gameState,awayTeam.id,awayTeam.abbrev,awayTeam.score,homeTeam.id,homeTeam.abbrev,homeTeam.score,winner_id,loser_id,is_cup_game,is_next_game
106,2044,2024020001,2,2024-10-04,FUT,1,NJD,,7,BUF,,0,0,False,False
107,2045,2024020002,2,2024-10-05,FUT,7,BUF,,1,NJD,,0,0,False,False
108,1779,2024020003,2,2024-10-08,FUT,19,STL,,55,SEA,,0,0,False,False
109,97,2024020004,2,2024-10-08,FUT,6,BOS,,13,FLA,,0,0,False,False
110,1334,2024020005,2,2024-10-08,FUT,16,CHI,,59,UTA,,0,0,False,False
111,630,2024020006,2,2024-10-09,FUT,10,TOR,,8,MTL,,0,0,False,False
112,186,2024020007,2,2024-10-09,FUT,3,NYR,,5,PIT,,0,0,False,False
113,1602,2024020008,2,2024-10-09,FUT,52,WPG,,22,EDM,,0,0,False,False
114,542,2024020009,2,2024-10-09,FUT,20,CGY,,23,VAN,,0,0,False,False
115,894,2024020010,2,2024-10-09,FUT,21,COL,,54,VGK,,0,0,False,False
116,98,2024020011,2,2024-10-10,FUT,8,MTL,,6,BOS,,0,0,False,False
117,1955,2024020012,2,2024-10-10,FUT,26,LAK,,7,BUF,,0,0,False,False
118,1513,2024020013,2,2024-10-10,FUT,13,FLA,,9,OTT,,0,0,False,False
119,8,2024020014,2,2024-10-10,FUT,5,PIT,,17,DET,,0,0,False,False
120,2222,2024020015,2,2024-10-10,FUT,10,TOR,,1,NJD,,0,0,False,False
121,1867,2024020016,2,2024-10-10,FUT,59,UTA,,2,NYI,,0,0,False,False
122,982,2024020017,2,2024-10-10,FUT,25,DAL,,18,NSH,,0,0,False,False
123,1690,2024020018,2,2024-10-10,FUT,29,CBJ,,30,MIN,,0,0,False,False
124,1780,2024020019,2,2024-10-10,FUT,19,STL,,28,SJS,,0,0,False,False
125,275,2024020020,2,2024-10-11,FUT,14,TBL,,12,CAR,,0,0,False,False
126,1335,2024020021,2,2024-10-11,FUT,16,CHI,,52,WPG,,0,0,False,False
127,364,2024020022,2,2024-10-11,FUT,4,PHI,,23,VAN,,0,0,False,False
128,1159,2024020023,2,2024-10-11,FUT,19,STL,,54,VGK,,0,0,False,False
129,99,2024020024,2,2024-10-12,FUT,26,LAK,,6,BOS,,0,0,False,False
130,1514,2024020025,2,2024-10-12,FUT,13,FLA,,7,BUF,,0,0,False,False
131,188,2024020026,2,2024-10-12,FUT,5,PIT,,10,TOR,,0,0,False,False
132,632,2024020027,2,2024-10-12,FUT,9,OTT,,8,MTL,,0,0,False,False
133,9,2024020028,2,2024-10-12,FUT,18,NSH,,17,DET,,0,0,False,False
134,276,2024020029,2,2024-10-12,FUT,12,CAR,,14,TBL,,0,0,False,False
135,1423,2024020030,2,2024-10-12,FUT,59,UTA,,3,NYR,,0,0,False,False
136,718,2024020031,2,2024-10-12,FUT,1,NJD,,15,WSH,,0,0,False,False
137,1247,2024020032,2,2024-10-12,FUT,2,NYI,,25,DAL,,0,0,False,False
138,1691,2024020033,2,2024-10-12,FUT,55,SEA,,30,MIN,,0,0,False,False
139,895,2024020034,2,2024-10-12,FUT,29,CBJ,,21,COL,,0,0,False,False
140,365,2024020035,2,2024-10-12,FUT,4,PHI,,20,CGY,,0,0,False,False
141,1336,2024020036,2,2024-10-12,FUT,16,CHI,,22,EDM,,0,0,False,False
142,1070,2024020037,2,2024-10-12,FUT,24,ANA,,28,SJS,,0,0,False,False
143,1692,2024020038,2,2024-10-13,FUT,30,MIN,,52,WPG,,0,0,False,False
144,1248,2024020039,2,2024-10-13,FUT,55,SEA,,25,DAL,,0,0,False,False
145,544,2024020040,2,2024-10-13,FUT,20,CGY,,22,EDM,,0,0,False,False
146,1071,2024020041,2,2024-10-13,FUT,24,ANA,,54,VGK,,0,0,False,False
147,100,2024020042,2,2024-10-14,FUT,13,FLA,,6,BOS,,0,0,False,False
148,1957,2024020043,2,2024-10-14,FUT,26,LAK,,9,OTT,,0,0,False,False
149,2314,2024020044,2,2024-10-14,FUT,59,UTA,,1,NJD,,0,0,False,False
150,10,2024020045,2,2024-10-14,FUT,17,DET,,3,NYR,,0,0,False,False
151,189,2024020046,2,2024-10-14,FUT,5,PIT,,8,MTL,,0,0,False,False
152,896,2024020047,2,2024-10-14,FUT,2,NYI,,21,COL,,0,0,False,False
153,277,2024020048,2,2024-10-15,FUT,23,VAN,,14,TBL,,0,0,False,False
154,719,2024020049,2,2024-10-15,FUT,54,VGK,,15,WSH,,0,0,False,False
155,454,2024020050,2,2024-10-15,FUT,1,NJD,,12,CAR,,0,0,False,False
156,1516,2024020051,2,2024-10-15,FUT,13,FLA,,29,CBJ,,0,0,False,False
157,1693,2024020052,2,2024-10-15,FUT,30,MIN,,19,STL,,0,0,False,False
158,984,2024020053,2,2024-10-15,FUT,55,SEA,,18,NSH,,0,0,False,False
159,1249,2024020054,2,2024-10-15,FUT,28,SJS,,25,DAL,,0,0,False,False
160,545,2024020055,2,2024-10-15,FUT,16,CHI,,20,CGY,,0,0,False,False
161,366,2024020056,2,2024-10-15,FUT,4,PHI,,22,EDM,,0,0,False,False
162,190,2024020057,2,2024-10-16,FUT,7,BUF,,5,PIT,,0,0,False,False
163,1958,2024020058,2,2024-10-16,FUT,26,LAK,,10,TOR,,0,0,False,False
164,101,2024020059,2,2024-10-16,FUT,6,BOS,,21,COL,,0,0,False,False
165,1072,2024020060,2,2024-10-16,FUT,59,UTA,,24,ANA,,0,0,False,False
166,634,2024020061,2,2024-10-17,FUT,26,LAK,,8,MTL,,0,0,False,False
167,2136,2024020062,2,2024-10-17,FUT,1,NJD,,9,OTT,,0,0,False,False
168,11,2024020063,2,2024-10-17,FUT,3,NYR,,17,DET,,0,0,False,False
169,278,2024020064,2,2024-10-17,FUT,54,VGK,,14,TBL,,0,0,False,False
170,809,2024020065,2,2024-10-17,FUT,23,VAN,,13,FLA,,0,0,False,False
171,720,2024020066,2,2024-10-17,FUT,25,DAL,,15,WSH,,0,0,False,False
172,2049,2024020067,2,2024-10-17,FUT,7,BUF,,29,CBJ,,0,0,False,False
173,1783,2024020068,2,2024-10-17,FUT,2,NYI,,19,STL,,0,0,False,False
174,985,2024020069,2,2024-10-17,FUT,22,EDM,,18,NSH,,0,0,False,False
175,1338,2024020070,2,2024-10-17,FUT,28,SJS,,16,CHI,,0,0,False,False
176,367,2024020071,2,2024-10-17,FUT,4,PHI,,55,SEA,,0,0,False,False
177,191,2024020072,2,2024-10-18,FUT,12,CAR,,5,PIT,,0,0,False,False
178,2401,2024020073,2,2024-10-18,FUT,28,SJS,,52,WPG,,0,0,False,False
179,898,2024020074,2,2024-10-18,FUT,24,ANA,,21,COL,,0,0,False,False
180,279,2024020075,2,2024-10-19,FUT,14,TBL,,9,OTT,,0,0,False,False
181,12,2024020076,2,2024-10-19,FUT,17,DET,,18,NSH,,0,0,False,False
182,1251,2024020077,2,2024-10-19,FUT,22,EDM,,25,DAL,,0,0,False,False
183,1163,2024020078,2,2024-10-19,FUT,54,VGK,,13,FLA,,0,0,False,False
184,1426,2024020079,2,2024-10-19,FUT,3,NYR,,10,TOR,,0,0,False,False
185,721,2024020080,2,2024-10-19,FUT,15,WSH,,1,NJD,,0,0,False,False
186,635,2024020081,2,2024-10-19,FUT,8,MTL,,2,NYI,,0,0,False,False
187,368,2024020082,2,2024-10-19,FUT,23,VAN,,4,PHI,,0,0,False,False
188,1694,2024020083,2,2024-10-19,FUT,30,MIN,,29,CBJ,,0,0,False,False
189,456,2024020084,2,2024-10-19,FUT,12,CAR,,19,STL,,0,0,False,False
190,1339,2024020085,2,2024-10-19,FUT,7,BUF,,16,CHI,,0,0,False,False
191,102,2024020086,2,2024-10-19,FUT,6,BOS,,59,UTA,,0,0,False,False
192,546,2024020087,2,2024-10-19,FUT,20,CGY,,55,SEA,,0,0,False,False
193,192,2024020088,2,2024-10-20,FUT,5,PIT,,52,WPG,,0,0,False,False
194,899,2024020089,2,2024-10-20,FUT,21,COL,,28,SJS,,0,0,False,False
195,1074,2024020090,2,2024-10-20,FUT,26,LAK,,24,ANA,,0,0,False,False
196,280,2024020091,2,2024-10-21,FUT,14,TBL,,10,TOR,,0,0,False,False
197,369,2024020092,2,2024-10-22,FUT,15,WSH,,4,PHI,,0,0,False,False
198,1519,2024020093,2,2024-10-22,FUT,30,MIN,,13,FLA,,0,0,False,False
199,281,2024020094,2,2024-10-22,FUT,14,TBL,,1,NJD,,0,0,False,False
200,1252,2024020095,2,2024-10-22,FUT,25,DAL,,7,BUF,,0,0,False,False
201,636,2024020096,2,2024-10-22,FUT,3,NYR,,8,MTL,,0,0,False,False
202,2227,2024020097,2,2024-10-22,FUT,10,TOR,,29,CBJ,,0,0,False,False
203,13,2024020098,2,2024-10-22,FUT,17,DET,,2,NYI,,0,0,False,False
204,1785,2024020099,2,2024-10-22,FUT,52,WPG,,19,STL,,0,0,False,False
205,811,2024020100,2,2024-10-22,FUT,23,VAN,,16,CHI,,0,0,False,False
206,103,2024020101,2,2024-10-22,FUT,6,BOS,,18,NSH,,0,0,False,False
207,193,2024020102,2,2024-10-22,FUT,5,PIT,,20,CGY,,0,0,False,False
208,457,2024020103,2,2024-10-22,FUT,12,CAR,,22,EDM,,0,0,False,False
209,2138,2024020104,2,2024-10-22,FUT,9,OTT,,59,UTA,,0,0,False,False
210,1075,2024020105,2,2024-10-22,FUT,28,SJS,,24,ANA,,0,0,False,False
211,900,2024020106,2,2024-10-22,FUT,21,COL,,55,SEA,,0,0,False,False
212,1164,2024020107,2,2024-10-22,FUT,26,LAK,,54,VGK,,0,0,False,False
213,370,2024020108,2,2024-10-23,FUT,4,PHI,,15,WSH,,0,0,False,False
214,104,2024020109,2,2024-10-24,FUT,25,DAL,,6,BOS,,0,0,False,False
215,1786,2024020110,2,2024-10-24,FUT,19,STL,,10,TOR,,0,0,False,False
216,14,2024020111,2,2024-10-24,FUT,1,NJD,,17,DET,,0,0,False,False
217,282,2024020112,2,2024-10-24,FUT,30,MIN,,14,TBL,,0,0,False,False
218,1428,2024020113,2,2024-10-24,FUT,13,FLA,,3,NYR,,0,0,False,False
219,458,2024020114,2,2024-10-24,FUT,12,CAR,,20,CGY,,0,0,False,False
220,901,2024020115,2,2024-10-24,FUT,21,COL,,59,UTA,,0,0,False,False
221,2404,2024020116,2,2024-10-24,FUT,52,WPG,,55,SEA,,0,0,False,False
222,1962,2024020117,2,2024-10-24,FUT,28,SJS,,26,LAK,,0,0,False,False
223,1165,2024020118,2,2024-10-25,FUT,9,OTT,,54,VGK,,0,0,False,False
224,1873,2024020119,2,2024-10-25,FUT,2,NYI,,1,NJD,,0,0,False,False
225,988,2024020120,2,2024-10-25,FUT,18,NSH,,16,CHI,,0,0,False,False
226,194,2024020121,2,2024-10-25,FUT,5,PIT,,22,EDM,,0,0,False,False
227,15,2024020122,2,2024-10-26,FUT,17,DET,,7,BUF,,0,0,False,False
228,371,2024020123,2,2024-10-26,FUT,30,MIN,,4,PHI,,0,0,False,False
229,1963,2024020124,2,2024-10-26,FUT,59,UTA,,26,LAK,,0,0,False,False
230,105,2024020125,2,2024-10-26,FUT,10,TOR,,6,BOS,,0,0,False,False
231,637,2024020126,2,2024-10-26,FUT,19,STL,,8,MTL,,0,0,False,False
232,283,2024020127,2,2024-10-26,FUT,15,WSH,,14,TBL,,0,0,False,False
233,1076,2024020128,2,2024-10-26,FUT,24,ANA,,3,NYR,,0,0,False,False
234,549,2024020129,2,2024-10-26,FUT,52,WPG,,20,CGY,,0,0,False,False
235,1521,2024020130,2,2024-10-26,FUT,13,FLA,,2,NYI,,0,0,False,False
236,989,2024020131,2,2024-10-26,FUT,29,CBJ,,18,NSH,,0,0,False,False
237,1254,2024020132,2,2024-10-26,FUT,16,CHI,,25,DAL,,0,0,False,False
238,195,2024020133,2,2024-10-26,FUT,5,PIT,,23,VAN,,0,0,False,False
239,1166,2024020134,2,2024-10-26,FUT,28,SJS,,54,VGK,,0,0,False,False
240,459,2024020135,2,2024-10-26,FUT,12,CAR,,55,SEA,,0,0,False,False
241,16,2024020136,2,2024-10-27,FUT,22,EDM,,17,DET,,0,0,False,False
242,1077,2024020137,2,2024-10-27,FUT,24,ANA,,1,NJD,,0,0,False,False
243,372,2024020138,2,2024-10-27,FUT,8,MTL,,4,PHI,,0,0,False,False
244,902,2024020139,2,2024-10-27,FUT,9,OTT,,21,COL,,0,0,False,False
245,1522,2024020140,2,2024-10-28,FUT,13,FLA,,7,BUF,,0,0,False,False
246,284,2024020141,2,2024-10-28,FUT,18,NSH,,14,TBL,,0,0,False,False
247,1611,2024020142,2,2024-10-28,FUT,22,EDM,,29,CBJ,,0,0,False,False
248,2230,2024020143,2,2024-10-28,FUT,10,TOR,,52,WPG,,0,0,False,False
249,903,2024020144,2,2024-10-28,FUT,16,CHI,,21,COL,,0,0,False,False
250,2583,2024020145,2,2024-10-28,FUT,28,SJS,,59,UTA,,0,0,False,False
251,460,2024020146,2,2024-10-28,FUT,12,CAR,,23,VAN,,0,0,False,False
252,550,2024020147,2,2024-10-28,FUT,20,CGY,,54,VGK,,0,0,False,False
253,106,2024020148,2,2024-10-29,FUT,4,PHI,,6,BOS,,0,0,False,False
254,639,2024020149,2,2024-10-29,FUT,55,SEA,,8,MTL,,0,0,False,False
255,1788,2024020150,2,2024-10-29,FUT,19,STL,,9,OTT,,0,0,False,False
256,725,2024020151,2,2024-10-29,FUT,3,NYR,,15,WSH,,0,0,False,False
257,1078,2024020152,2,2024-10-29,FUT,24,ANA,,2,NYI,,0,0,False,False
258,196,2024020153,2,2024-10-29,FUT,30,MIN,,5,PIT,,0,0,False,False
259,1964,2024020154,2,2024-10-29,FUT,26,LAK,,28,SJS,,0,0,False,False
260,1876,2024020155,2,2024-10-30,FUT,2,NYI,,29,CBJ,,0,0,False,False
261,17,2024020156,2,2024-10-30,FUT,52,WPG,,17,DET,,0,0,False,False
262,285,2024020157,2,2024-10-30,FUT,14,TBL,,21,COL,,0,0,False,False
263,551,2024020158,2,2024-10-30,FUT,20,CGY,,59,UTA,,0,0,False,False
264,814,2024020159,2,2024-10-30,FUT,1,NJD,,23,VAN,,0,0,False,False
265,1168,2024020160,2,2024-10-30,FUT,54,VGK,,26,LAK,,0,0,False,False
266,2231,2024020161,2,2024-10-31,FUT,55,SEA,,10,TOR,,0,0,False,False
267,374,2024020162,2,2024-10-31,FUT,19,STL,,4,PHI,,0,0,False,False
268,197,2024020163,2,2024-10-31,FUT,24,ANA,,5,PIT,,0,0,False,False
269,640,2024020164,2,2024-10-31,FUT,8,MTL,,15,WSH,,0,0,False,False
270,107,2024020165,2,2024-10-31,FUT,6,BOS,,12,CAR,,0,0,False,False
271,991,2024020166,2,2024-10-31,FUT,22,EDM,,18,NSH,,0,0,False,False
272,1344,2024020167,2,2024-10-31,FUT,16,CHI,,28,SJS,,0,0,False,False
273,1255,2024020168,2,2024-11-01,FUT,13,FLA,,25,DAL,,0,0,False,False
274,1877,2024020169,2,2024-11-01,FUT,2,NYI,,7,BUF,,0,0,False,False
275,1431,2024020170,2,2024-11-01,FUT,9,OTT,,3,NYR,,0,0,False,False
276,2408,2024020171,2,2024-11-01,FUT,52,WPG,,29,CBJ,,0,0,False,False
277,286,2024020172,2,2024-11-01,FUT,14,TBL,,30,MIN,,0,0,False,False
278,552,2024020173,2,2024-11-01,FUT,1,NJD,,20,CGY,,0,0,False,False
279,1256,2024020174,2,2024-11-02,FUT,25,DAL,,13,FLA,,0,0,False,False
280,108,2024020175,2,2024-11-02,FUT,6,BOS,,4,PHI,,0,0,False,False
281,1345,2024020176,2,2024-11-02,FUT,16,CHI,,26,LAK,,0,0,False,False
282,727,2024020177,2,2024-11-02,FUT,29,CBJ,,15,WSH,,0,0,False,False
283,2143,2024020178,2,2024-11-02,FUT,55,SEA,,9,OTT,,0,0,False,False
284,18,2024020179,2,2024-11-02,FUT,7,BUF,,17,DET,,0,0,False,False
285,198,2024020180,2,2024-11-02,FUT,8,MTL,,5,PIT,,0,0,False,False
286,1790,2024020181,2,2024-11-02,FUT,10,TOR,,19,STL,,0,0,False,False
287,905,2024020182,2,2024-11-02,FUT,21,COL,,18,NSH,,0,0,False,False
288,1169,2024020183,2,2024-11-02,FUT,59,UTA,,54,VGK,,0,0,False,False
289,815,2024020184,2,2024-11-02,FUT,23,VAN,,28,SJS,,0,0,False,False
290,1432,2024020185,2,2024-11-03,FUT,2,NYI,,3,NYR,,0,0,False,False
291,287,2024020186,2,2024-11-03,FUT,14,TBL,,52,WPG,,0,0,False,False
292,109,2024020187,2,2024-11-03,FUT,55,SEA,,6,BOS,,0,0,False,False
293,462,2024020188,2,2024-11-03,FUT,15,WSH,,12,CAR,,0,0,False,False
294,1700,2024020189,2,2024-11-03,FUT,10,TOR,,30,MIN,,0,0,False,False
295,553,2024020190,2,2024-11-03,FUT,22,EDM,,20,CGY,,0,0,False,False
296,1080,2024020191,2,2024-11-03,FUT,16,CHI,,24,ANA,,0,0,False,False
297,993,2024020192,2,2024-11-04,FUT,26,LAK,,18,NSH,,0,0,False,False
298,1614,2024020193,2,2024-11-04,FUT,1,NJD,,22,EDM,,0,0,False,False
299,2056,2024020194,2,2024-11-05,FUT,9,OTT,,7,BUF,,0,0,False,False
300,110,2024020195,2,2024-11-05,FUT,6,BOS,,10,TOR,,0,0,False,False
301,554,2024020196,2,2024-11-05,FUT,20,CGY,,8,MTL,,0,0,False,False
302,376,2024020197,2,2024-11-05,FUT,4,PHI,,12,CAR,,0,0,False,False
303,199,2024020198,2,2024-11-05,FUT,5,PIT,,2,NYI,,0,0,False,False
304,288,2024020199,2,2024-11-05,FUT,14,TBL,,19,STL,,0,0,False,False
305,1701,2024020200,2,2024-11-05,FUT,26,LAK,,30,MIN,,0,0,False,False
306,2410,2024020201,2,2024-11-05,FUT,59,UTA,,52,WPG,,0,0,False,False
307,906,2024020202,2,2024-11-05,FUT,55,SEA,,21,COL,,0,0,False,False
308,816,2024020203,2,2024-11-05,FUT,23,VAN,,24,ANA,,0,0,False,False
309,2587,2024020204,2,2024-11-05,FUT,29,CBJ,,28,SJS,,0,0,False,False
310,729,2024020205,2,2024-11-06,FUT,18,NSH,,15,WSH,,0,0,False,False
311,19,2024020206,2,2024-11-06,FUT,17,DET,,16,CHI,,0,0,False,False
312,1170,2024020207,2,2024-11-06,FUT,54,VGK,,22,EDM,,0,0,False,False
313,111,2024020208,2,2024-11-07,FUT,20,CGY,,6,BOS,,0,0,False,False
314,1880,2024020209,2,2024-11-07,FUT,2,NYI,,9,OTT,,0,0,False,False
315,289,2024020210,2,2024-11-07,FUT,4,PHI,,14,TBL,,0,0,False,False
316,995,2024020211,2,2024-11-07,FUT,18,NSH,,13,FLA,,0,0,False,False
317,643,2024020212,2,2024-11-07,FUT,8,MTL,,1,NJD,,0,0,False,False
318,1433,2024020213,2,2024-11-07,FUT,7,BUF,,3,NYR,,0,0,False,False
319,200,2024020214,2,2024-11-07,FUT,5,PIT,,12,CAR,,0,0,False,False
320,1792,2024020215,2,2024-11-07,FUT,59,UTA,,19,STL,,0,0,False,False
321,1257,2024020216,2,2024-11-07,FUT,16,CHI,,25,DAL,,0,0,False,False
322,907,2024020217,2,2024-11-07,FUT,21,COL,,52,WPG,,0,0,False,False
323,817,2024020218,2,2024-11-07,FUT,23,VAN,,26,LAK,,0,0,False,False
324,1702,2024020219,2,2024-11-07,FUT,30,MIN,,28,SJS,,0,0,False,False
325,20,2024020220,2,2024-11-08,FUT,17,DET,,10,TOR,,0,0,False,False
326,201,2024020221,2,2024-11-08,FUT,5,PIT,,15,WSH,,0,0,False,False
327,1082,2024020222,2,2024-11-08,FUT,30,MIN,,24,ANA,,0,0,False,False
328,1171,2024020223,2,2024-11-08,FUT,54,VGK,,55,SEA,,0,0,False,False
329,556,2024020224,2,2024-11-09,FUT,20,CGY,,7,BUF,,0,0,False,False
330,378,2024020225,2,2024-11-09,FUT,4,PHI,,13,FLA,,0,0,False,False
331,112,2024020226,2,2024-11-09,FUT,9,OTT,,6,BOS,,0,0,False,False
332,644,2024020227,2,2024-11-09,FUT,8,MTL,,10,TOR,,0,0,False,False
333,21,2024020228,2,2024-11-09,FUT,3,NYR,,17,DET,,0,0,False,False
334,731,2024020229,2,2024-11-09,FUT,15,WSH,,19,STL,,0,0,False,False
335,1258,2024020230,2,2024-11-09,FUT,25,DAL,,52,WPG,,0,0,False,False
336,1881,2024020231,2,2024-11-09,FUT,1,NJD,,2,NYI,,0,0,False,False
337,996,2024020232,2,2024-11-09,FUT,59,UTA,,18,NSH,,0,0,False,False
338,465,2024020233,2,2024-11-09,FUT,12,CAR,,21,COL,,0,0,False,False
339,1970,2024020234,2,2024-11-09,FUT,29,CBJ,,26,LAK,,0,0,False,False
340,818,2024020235,2,2024-11-09,FUT,22,EDM,,23,VAN,,0,0,False,False
341,2327,2024020236,2,2024-11-10,FUT,28,SJS,,1,NJD,,0,0,False,False
342,1349,2024020237,2,2024-11-10,FUT,30,MIN,,16,CHI,,0,0,False,False
343,1083,2024020238,2,2024-11-10,FUT,29,CBJ,,24,ANA,,0,0,False,False
344,645,2024020239,2,2024-11-11,FUT,8,MTL,,7,BUF,,0,0,False,False
345,379,2024020240,2,2024-11-11,FUT,28,SJS,,4,PHI,,0,0,False,False
346,202,2024020241,2,2024-11-11,FUT,25,DAL,,5,PIT,,0,0,False,False
347,557,2024020242,2,2024-11-11,FUT,26,LAK,,20,CGY,,0,0,False,False
348,909,2024020243,2,2024-11-11,FUT,18,NSH,,21,COL,,0,0,False,False
349,466,2024020244,2,2024-11-11,FUT,12,CAR,,54,VGK,,0,0,False,False
350,2147,2024020245,2,2024-11-12,FUT,9,OTT,,10,TOR,,0,0,False,False
351,1527,2024020246,2,2024-11-12,FUT,1,NJD,,13,FLA,,0,0,False,False
352,1435,2024020247,2,2024-11-12,FUT,52,WPG,,3,NYR,,0,0,False,False
353,113,2024020248,2,2024-11-12,FUT,6,BOS,,19,STL,,0,0,False,False
354,1617,2024020249,2,2024-11-12,FUT,2,NYI,,22,EDM,,0,0,False,False
355,558,2024020250,2,2024-11-12,FUT,20,CGY,,23,VAN,,0,0,False,False
356,2501,2024020251,2,2024-11-12,FUT,29,CBJ,,55,SEA,,0,0,False,False
357,22,2024020252,2,2024-11-13,FUT,17,DET,,5,PIT,,0,0,False,False
358,732,2024020253,2,2024-11-13,FUT,10,TOR,,15,WSH,,0,0,False,False
359,467,2024020254,2,2024-11-13,FUT,12,CAR,,59,UTA,,0,0,False,False
360,910,2024020255,2,2024-11-13,FUT,26,LAK,,21,COL,,0,0,False,False
361,1084,2024020256,2,2024-11-13,FUT,54,VGK,,24,ANA,,0,0,False,False
362,1795,2024020257,2,2024-11-14,FUT,19,STL,,7,BUF,,0,0,False,False
363,380,2024020258,2,2024-11-14,FUT,4,PHI,,9,OTT,,0,0,False,False
364,290,2024020259,2,2024-11-14,FUT,52,WPG,,14,TBL,,0,0,False,False
365,1528,2024020260,2,2024-11-14,FUT,1,NJD,,13,FLA,,0,0,False,False
366,1436,2024020261,2,2024-11-14,FUT,28,SJS,,3,NYR,,0,0,False,False
367,114,2024020262,2,2024-11-14,FUT,6,BOS,,25,DAL,,0,0,False,False
368,646,2024020263,2,2024-11-14,FUT,8,MTL,,30,MIN,,0,0,False,False
369,998,2024020264,2,2024-11-14,FUT,18,NSH,,22,EDM,,0,0,False,False
370,820,2024020265,2,2024-11-14,FUT,2,NYI,,23,VAN,,0,0,False,False
371,1350,2024020266,2,2024-11-14,FUT,16,CHI,,55,SEA,,0,0,False,False
372,204,2024020267,2,2024-11-15,FUT,5,PIT,,29,CBJ,,0,0,False,False
373,733,2024020268,2,2024-11-15,FUT,15,WSH,,21,COL,,0,0,False,False
374,559,2024020269,2,2024-11-15,FUT,18,NSH,,20,CGY,,0,0,False,False
375,1174,2024020270,2,2024-11-15,FUT,54,VGK,,59,UTA,,0,0,False,False
376,23,2024020271,2,2024-11-15,FUT,17,DET,,24,ANA,,0,0,False,False
377,115,2024020272,2,2024-11-16,FUT,19,STL,,6,BOS,,0,0,False,False
378,1884,2024020273,2,2024-11-16,FUT,2,NYI,,55,SEA,,0,0,False,False
379,1619,2024020274,2,2024-11-16,FUT,22,EDM,,10,TOR,,0,0,False,False
380,647,2024020275,2,2024-11-16,FUT,29,CBJ,,8,MTL,,0,0,False,False
381,291,2024020276,2,2024-11-16,FUT,1,NJD,,14,TBL,,0,0,False,False
382,1529,2024020277,2,2024-11-16,FUT,52,WPG,,13,FLA,,0,0,False,False
383,381,2024020278,2,2024-11-16,FUT,7,BUF,,4,PHI,,0,0,False,False
384,205,2024020279,2,2024-11-16,FUT,28,SJS,,5,PIT,,0,0,False,False
385,468,2024020280,2,2024-11-16,FUT,9,OTT,,12,CAR,,0,0,False,False
386,1261,2024020281,2,2024-11-16,FUT,25,DAL,,30,MIN,,0,0,False,False
387,24,2024020282,2,2024-11-16,FUT,17,DET,,26,LAK,,0,0,False,False
388,821,2024020283,2,2024-11-16,FUT,16,CHI,,23,VAN,,0,0,False,False
389,469,2024020284,2,2024-11-17,FUT,19,STL,,12,CAR,,0,0,False,False
390,822,2024020285,2,2024-11-17,FUT,18,NSH,,23,VAN,,0,0,False,False
391,734,2024020286,2,2024-11-17,FUT,15,WSH,,54,VGK,,0,0,False,False
392,1437,2024020287,2,2024-11-17,FUT,3,NYR,,55,SEA,,0,0,False,False
393,116,2024020288,2,2024-11-18,FUT,29,CBJ,,6,BOS,,0,0,False,False
394,382,2024020289,2,2024-11-18,FUT,21,COL,,4,PHI,,0,0,False,False
395,648,2024020290,2,2024-11-18,FUT,22,EDM,,8,MTL,,0,0,False,False
396,1086,2024020291,2,2024-11-18,FUT,24,ANA,,25,DAL,,0,0,False,False
397,735,2024020292,2,2024-11-18,FUT,15,WSH,,59,UTA,,0,0,False,False
398,25,2024020293,2,2024-11-18,FUT,17,DET,,28,SJS,,0,0,False,False
399,1621,2024020294,2,2024-11-19,FUT,22,EDM,,9,OTT,,0,0,False,False
400,206,2024020295,2,2024-11-19,FUT,14,TBL,,5,PIT,,0,0,False,False
401,1707,2024020296,2,2024-11-19,FUT,30,MIN,,19,STL,,0,0,False,False
402,1530,2024020297,2,2024-11-19,FUT,13,FLA,,52,WPG,,0,0,False,False
403,1087,2024020298,2,2024-11-19,FUT,24,ANA,,16,CHI,,0,0,False,False
404,560,2024020299,2,2024-11-19,FUT,2,NYI,,20,CGY,,0,0,False,False
405,823,2024020300,2,2024-11-19,FUT,3,NYR,,23,VAN,,0,0,False,False
406,1176,2024020301,2,2024-11-20,FUT,54,VGK,,10,TOR,,0,0,False,False
407,383,2024020302,2,2024-11-20,FUT,12,CAR,,4,PHI,,0,0,False,False
408,1263,2024020303,2,2024-11-20,FUT,28,SJS,,25,DAL,,0,0,False,False
409,1001,2024020304,2,2024-11-20,FUT,18,NSH,,55,SEA,,0,0,False,False
410,1974,2024020305,2,2024-11-20,FUT,7,BUF,,26,LAK,,0,0,False,False
411,117,2024020306,2,2024-11-21,FUT,59,UTA,,6,BOS,,0,0,False,False
412,1177,2024020307,2,2024-11-21,FUT,54,VGK,,9,OTT,,0,0,False,False
413,26,2024020308,2,2024-11-21,FUT,2,NYI,,17,DET,,0,0,False,False
414,471,2024020309,2,2024-11-21,FUT,12,CAR,,1,NJD,,0,0,False,False
415,736,2024020310,2,2024-11-21,FUT,21,COL,,15,WSH,,0,0,False,False
416,293,2024020311,2,2024-11-21,FUT,14,TBL,,29,CBJ,,0,0,False,False
417,1799,2024020312,2,2024-11-21,FUT,28,SJS,,19,STL,,0,0,False,False
418,1353,2024020313,2,2024-11-21,FUT,13,FLA,,16,CHI,,0,0,False,False
419,561,2024020314,2,2024-11-21,FUT,3,NYR,,20,CGY,,0,0,False,False
420,1622,2024020315,2,2024-11-21,FUT,30,MIN,,22,EDM,,0,0,False,False
421,207,2024020316,2,2024-11-22,FUT,52,WPG,,5,PIT,,0,0,False,False
422,1088,2024020317,2,2024-11-22,FUT,7,BUF,,24,ANA,,0,0,False,False
423,384,2024020318,2,2024-11-23,FUT,16,CHI,,4,PHI,,0,0,False,False
424,562,2024020319,2,2024-11-23,FUT,30,MIN,,20,CGY,,0,0,False,False
425,1975,2024020320,2,2024-11-23,FUT,55,SEA,,26,LAK,,0,0,False,False
426,914,2024020321,2,2024-11-23,FUT,21,COL,,13,FLA,,0,0,False,False
427,649,2024020322,2,2024-11-23,FUT,54,VGK,,8,MTL,,0,0,False,False
428,824,2024020323,2,2024-11-23,FUT,23,VAN,,9,OTT,,0,0,False,False
429,27,2024020324,2,2024-11-23,FUT,6,BOS,,17,DET,,0,0,False,False
430,294,2024020325,2,2024-11-23,FUT,25,DAL,,14,TBL,,0,0,False,False
431,208,2024020326,2,2024-11-23,FUT,59,UTA,,5,PIT,,0,0,False,False
432,737,2024020327,2,2024-11-23,FUT,1,NJD,,15,WSH,,0,0,False,False
433,472,2024020328,2,2024-11-23,FUT,12,CAR,,29,CBJ,,0,0,False,False
434,1002,2024020329,2,2024-11-23,FUT,52,WPG,,18,NSH,,0,0,False,False
435,1800,2024020330,2,2024-11-23,FUT,19,STL,,2,NYI,,0,0,False,False
436,2064,2024020331,2,2024-11-23,FUT,7,BUF,,28,SJS,,0,0,False,False
437,1440,2024020332,2,2024-11-23,FUT,3,NYR,,22,EDM,,0,0,False,False
438,2241,2024020333,2,2024-11-24,FUT,59,UTA,,10,TOR,,0,0,False,False
439,295,2024020334,2,2024-11-25,FUT,21,COL,,14,TBL,,0,0,False,False
440,738,2024020335,2,2024-11-25,FUT,15,WSH,,13,FLA,,0,0,False,False
441,1003,2024020336,2,2024-11-25,FUT,18,NSH,,1,NJD,,0,0,False,False
442,1441,2024020337,2,2024-11-25,FUT,19,STL,,3,NYR,,0,0,False,False
443,385,2024020338,2,2024-11-25,FUT,54,VGK,,4,PHI,,0,0,False,False
444,473,2024020339,2,2024-11-25,FUT,25,DAL,,12,CAR,,0,0,False,False
445,563,2024020340,2,2024-11-25,FUT,20,CGY,,9,OTT,,0,0,False,False
446,28,2024020341,2,2024-11-25,FUT,17,DET,,2,NYI,,0,0,False,False
447,1710,2024020342,2,2024-11-25,FUT,52,WPG,,30,MIN,,0,0,False,False
448,1089,2024020343,2,2024-11-25,FUT,55,SEA,,24,ANA,,0,0,False,False
449,1976,2024020344,2,2024-11-25,FUT,26,LAK,,28,SJS,,0,0,False,False
450,119,2024020345,2,2024-11-26,FUT,23,VAN,,6,BOS,,0,0,False,False
451,650,2024020346,2,2024-11-26,FUT,59,UTA,,8,MTL,,0,0,False,False
452,1711,2024020347,2,2024-11-27,FUT,30,MIN,,7,BUF,,0,0,False,False
453,1802,2024020348,2,2024-11-27,FUT,19,STL,,1,NJD,,0,0,False,False
454,474,2024020349,2,2024-11-27,FUT,3,NYR,,12,CAR,,0,0,False,False
455,29,2024020350,2,2024-11-27,FUT,20,CGY,,17,DET,,0,0,False,False
456,296,2024020351,2,2024-11-27,FUT,15,WSH,,14,TBL,,0,0,False,False
457,1534,2024020352,2,2024-11-27,FUT,10,TOR,,13,FLA,,0,0,False,False
458,120,2024020353,2,2024-11-27,FUT,6,BOS,,2,NYI,,0,0,False,False
459,209,2024020354,2,2024-11-27,FUT,23,VAN,,5,PIT,,0,0,False,False
460,651,2024020355,2,2024-11-27,FUT,8,MTL,,29,CBJ,,0,0,False,False
461,386,2024020356,2,2024-11-27,FUT,4,PHI,,18,NSH,,0,0,False,False
462,1266,2024020357,2,2024-11-27,FUT,25,DAL,,16,CHI,,0,0,False,False
463,916,2024020358,2,2024-11-27,FUT,54,VGK,,21,COL,,0,0,False,False
464,1977,2024020359,2,2024-11-27,FUT,52,WPG,,26,LAK,,0,0,False,False
465,1090,2024020360,2,2024-11-27,FUT,24,ANA,,55,SEA,,0,0,False,False
466,2154,2024020361,2,2024-11-27,FUT,9,OTT,,28,SJS,,0,0,False,False
467,387,2024020362,2,2024-11-29,FUT,3,NYR,,4,PHI,,0,0,False,False
468,1356,2024020363,2,2024-11-29,FUT,16,CHI,,30,MIN,,0,0,False,False
469,827,2024020364,2,2024-11-29,FUT,23,VAN,,7,BUF,,0,0,False,False
470,30,2024020365,2,2024-11-29,FUT,1,NJD,,17,DET,,0,0,False,False
471,740,2024020366,2,2024-11-29,FUT,2,NYI,,15,WSH,,0,0,False,False
472,475,2024020367,2,2024-11-29,FUT,13,FLA,,12,CAR,,0,0,False,False
473,565,2024020368,2,2024-11-29,FUT,20,CGY,,29,CBJ,,0,0,False,False
474,297,2024020369,2,2024-11-29,FUT,14,TBL,,18,NSH,,0,0,False,False
475,1091,2024020370,2,2024-11-29,FUT,26,LAK,,24,ANA,,0,0,False,False
476,2509,2024020371,2,2024-11-29,FUT,55,SEA,,28,SJS,,0,0,False,False
477,121,2024020372,2,2024-11-29,FUT,5,PIT,,6,BOS,,0,0,False,False
478,917,2024020373,2,2024-11-29,FUT,21,COL,,25,DAL,,0,0,False,False
479,1181,2024020374,2,2024-11-29,FUT,52,WPG,,54,VGK,,0,0,False,False
480,1624,2024020375,2,2024-11-29,FUT,22,EDM,,59,UTA,,0,0,False,False
481,652,2024020376,2,2024-11-30,FUT,8,MTL,,3,NYR,,0,0,False,False
482,476,2024020377,2,2024-11-30,FUT,12,CAR,,13,FLA,,0,0,False,False
483,298,2024020378,2,2024-11-30,FUT,10,TOR,,14,TBL,,0,0,False,False
484,741,2024020379,2,2024-11-30,FUT,15,WSH,,1,NJD,,0,0,False,False
485,211,2024020380,2,2024-11-30,FUT,20,CGY,,5,PIT,,0,0,False,False
486,388,2024020381,2,2024-11-30,FUT,4,PHI,,19,STL,,0,0,False,False
487,1979,2024020382,2,2024-11-30,FUT,9,OTT,,26,LAK,,0,0,False,False
488,1891,2024020383,2,2024-11-30,FUT,7,BUF,,2,NYI,,0,0,False,False
489,1006,2024020384,2,2024-11-30,FUT,18,NSH,,30,MIN,,0,0,False,False
490,918,2024020385,2,2024-11-30,FUT,22,EDM,,21,COL,,0,0,False,False
491,1182,2024020386,2,2024-11-30,FUT,59,UTA,,54,VGK,,0,0,False,False
492,2510,2024020387,2,2024-11-30,FUT,28,SJS,,55,SEA,,0,0,False,False
493,31,2024020388,2,2024-12-01,FUT,23,VAN,,17,DET,,0,0,False,False
494,122,2024020389,2,2024-12-01,FUT,8,MTL,,6,BOS,,0,0,False,False
495,1357,2024020390,2,2024-12-01,FUT,29,CBJ,,16,CHI,,0,0,False,False
496,1268,2024020391,2,2024-12-01,FUT,52,WPG,,25,DAL,,0,0,False,False
497,1092,2024020392,2,2024-12-01,FUT,9,OTT,,24,ANA,,0,0,False,False
498,1445,2024020393,2,2024-12-02,FUT,1,NJD,,3,NYR,,0,0,False,False
499,1358,2024020394,2,2024-12-02,FUT,16,CHI,,10,TOR,,0,0,False,False
500,1269,2024020395,2,2024-12-02,FUT,25,DAL,,59,UTA,,0,0,False,False
501,32,2024020396,2,2024-12-03,FUT,17,DET,,6,BOS,,0,0,False,False
502,919,2024020397,2,2024-12-03,FUT,21,COL,,7,BUF,,0,0,False,False
503,654,2024020398,2,2024-12-03,FUT,2,NYI,,8,MTL,,0,0,False,False
504,212,2024020399,2,2024-12-03,FUT,13,FLA,,5,PIT,,0,0,False,False
505,742,2024020400,2,2024-12-03,FUT,28,SJS,,15,WSH,,0,0,False,False
506,477,2024020401,2,2024-12-03,FUT,55,SEA,,12,CAR,,0,0,False,False
507,829,2024020402,2,2024-12-03,FUT,23,VAN,,30,MIN,,0,0,False,False
508,1804,2024020403,2,2024-12-03,FUT,19,STL,,52,WPG,,0,0,False,False
509,567,2024020404,2,2024-12-03,FUT,29,CBJ,,20,CGY,,0,0,False,False
510,1183,2024020405,2,2024-12-03,FUT,22,EDM,,54,VGK,,0,0,False,False
511,1007,2024020406,2,2024-12-04,FUT,18,NSH,,10,TOR,,0,0,False,False
512,124,2024020407,2,2024-12-04,FUT,6,BOS,,16,CHI,,0,0,False,False
513,1093,2024020408,2,2024-12-04,FUT,54,VGK,,24,ANA,,0,0,False,False
514,1270,2024020409,2,2024-12-04,FUT,25,DAL,,26,LAK,,0,0,False,False
515,2069,2024020410,2,2024-12-05,FUT,52,WPG,,7,BUF,,0,0,False,False
516,655,2024020411,2,2024-12-05,FUT,18,NSH,,8,MTL,,0,0,False,False
517,33,2024020412,2,2024-12-05,FUT,17,DET,,9,OTT,,0,0,False,False
518,299,2024020413,2,2024-12-05,FUT,28,SJS,,14,TBL,,0,0,False,False
519,389,2024020414,2,2024-12-05,FUT,13,FLA,,4,PHI,,0,0,False,False
520,478,2024020415,2,2024-12-05,FUT,21,COL,,12,CAR,,0,0,False,False
521,1893,2024020416,2,2024-12-05,FUT,55,SEA,,2,NYI,,0,0,False,False
522,568,2024020417,2,2024-12-05,FUT,19,STL,,20,CGY,,0,0,False,False
523,1627,2024020418,2,2024-12-05,FUT,29,CBJ,,22,EDM,,0,0,False,False
524,743,2024020419,2,2024-12-06,FUT,15,WSH,,10,TOR,,0,0,False,False
525,2338,2024020420,2,2024-12-06,FUT,55,SEA,,1,NJD,,0,0,False,False
526,213,2024020421,2,2024-12-06,FUT,5,PIT,,3,NYR,,0,0,False,False
527,830,2024020422,2,2024-12-06,FUT,29,CBJ,,23,VAN,,0,0,False,False
528,1185,2024020423,2,2024-12-06,FUT,25,DAL,,54,VGK,,0,0,False,False
529,1094,2024020424,2,2024-12-06,FUT,30,MIN,,24,ANA,,0,0,False,False
530,125,2024020425,2,2024-12-07,FUT,4,PHI,,6,BOS,,0,0,False,False
531,2070,2024020426,2,2024-12-07,FUT,59,UTA,,7,BUF,,0,0,False,False
532,1360,2024020427,2,2024-12-07,FUT,52,WPG,,16,CHI,,0,0,False,False
533,479,2024020428,2,2024-12-07,FUT,12,CAR,,2,NYI,,0,0,False,False
534,1539,2024020429,2,2024-12-07,FUT,28,SJS,,13,FLA,,0,0,False,False
535,656,2024020430,2,2024-12-07,FUT,15,WSH,,8,MTL,,0,0,False,False
536,1009,2024020431,2,2024-12-07,FUT,18,NSH,,9,OTT,,0,0,False,False
537,34,2024020432,2,2024-12-07,FUT,21,COL,,17,DET,,0,0,False,False
538,214,2024020433,2,2024-12-07,FUT,10,TOR,,5,PIT,,0,0,False,False
539,1716,2024020434,2,2024-12-07,FUT,30,MIN,,26,LAK,,0,0,False,False
540,1628,2024020435,2,2024-12-07,FUT,19,STL,,22,EDM,,0,0,False,False
541,1447,2024020436,2,2024-12-08,FUT,55,SEA,,3,NYR,,0,0,False,False
542,300,2024020437,2,2024-12-08,FUT,14,TBL,,23,VAN,,0,0,False,False
543,1895,2024020438,2,2024-12-08,FUT,2,NYI,,9,OTT,,0,0,False,False
544,2426,2024020439,2,2024-12-08,FUT,29,CBJ,,52,WPG,,0,0,False,False
545,922,2024020440,2,2024-12-08,FUT,21,COL,,1,NJD,,0,0,False,False
546,391,2024020441,2,2024-12-08,FUT,59,UTA,,4,PHI,,0,0,False,False
547,569,2024020442,2,2024-12-08,FUT,20,CGY,,25,DAL,,0,0,False,False
548,35,2024020443,2,2024-12-09,FUT,17,DET,,7,BUF,,0,0,False,False
549,1361,2024020444,2,2024-12-09,FUT,16,CHI,,3,NYR,,0,0,False,False
550,657,2024020445,2,2024-12-09,FUT,24,ANA,,8,MTL,,0,0,False,False
551,2248,2024020446,2,2024-12-10,FUT,10,TOR,,1,NJD,,0,0,False,False
552,215,2024020447,2,2024-12-10,FUT,21,COL,,5,PIT,,0,0,False,False
553,480,2024020448,2,2024-12-10,FUT,28,SJS,,12,CAR,,0,0,False,False
554,392,2024020449,2,2024-12-10,FUT,4,PHI,,29,CBJ,,0,0,False,False
555,1896,2024020450,2,2024-12-10,FUT,26,LAK,,2,NYI,,0,0,False,False
556,570,2024020451,2,2024-12-10,FUT,20,CGY,,18,NSH,,0,0,False,False
557,126,2024020452,2,2024-12-10,FUT,6,BOS,,52,WPG,,0,0,False,False
558,301,2024020453,2,2024-12-10,FUT,14,TBL,,22,EDM,,0,0,False,False
559,1717,2024020454,2,2024-12-10,FUT,30,MIN,,59,UTA,,0,0,False,False
560,832,2024020455,2,2024-12-10,FUT,19,STL,,23,VAN,,0,0,False,False
561,1540,2024020456,2,2024-12-10,FUT,13,FLA,,55,SEA,,0,0,False,False
562,1449,2024020457,2,2024-12-11,FUT,3,NYR,,7,BUF,,0,0,False,False
563,1096,2024020458,2,2024-12-11,FUT,24,ANA,,9,OTT,,0,0,False,False
564,1097,2024020459,2,2024-12-12,FUT,24,ANA,,10,TOR,,0,0,False,False
565,216,2024020460,2,2024-12-12,FUT,5,PIT,,8,MTL,,0,0,False,False
566,1983,2024020461,2,2024-12-12,FUT,26,LAK,,1,NJD,,0,0,False,False
567,36,2024020462,2,2024-12-12,FUT,17,DET,,4,PHI,,0,0,False,False
568,745,2024020463,2,2024-12-12,FUT,15,WSH,,29,CBJ,,0,0,False,False
569,1362,2024020464,2,2024-12-12,FUT,16,CHI,,2,NYI,,0,0,False,False
570,1808,2024020465,2,2024-12-12,FUT,28,SJS,,19,STL,,0,0,False,False
571,1011,2024020466,2,2024-12-12,FUT,18,NSH,,25,DAL,,0,0,False,False
572,1630,2024020467,2,2024-12-12,FUT,22,EDM,,30,MIN,,0,0,False,False
573,1186,2024020468,2,2024-12-12,FUT,54,VGK,,52,WPG,,0,0,False,False
574,924,2024020469,2,2024-12-12,FUT,59,UTA,,21,COL,,0,0,False,False
575,302,2024020470,2,2024-12-12,FUT,14,TBL,,20,CGY,,0,0,False,False
576,833,2024020471,2,2024-12-12,FUT,13,FLA,,23,VAN,,0,0,False,False
577,127,2024020472,2,2024-12-12,FUT,6,BOS,,55,SEA,,0,0,False,False
578,481,2024020473,2,2024-12-13,FUT,9,OTT,,12,CAR,,0,0,False,False
579,1363,2024020474,2,2024-12-14,FUT,16,CHI,,1,NJD,,0,0,False,False
580,1450,2024020475,2,2024-12-14,FUT,26,LAK,,3,NYR,,0,0,False,False
581,394,2024020476,2,2024-12-14,FUT,4,PHI,,30,MIN,,0,0,False,False
582,1187,2024020477,2,2024-12-14,FUT,54,VGK,,22,EDM,,0,0,False,False
583,217,2024020478,2,2024-12-14,FUT,5,PIT,,9,OTT,,0,0,False,False
584,37,2024020479,2,2024-12-14,FUT,10,TOR,,17,DET,,0,0,False,False
585,746,2024020480,2,2024-12-14,FUT,7,BUF,,15,WSH,,0,0,False,False
586,1098,2024020481,2,2024-12-14,FUT,24,ANA,,29,CBJ,,0,0,False,False
587,659,2024020482,2,2024-12-14,FUT,8,MTL,,52,WPG,,0,0,False,False
588,1274,2024020483,2,2024-12-14,FUT,19,STL,,25,DAL,,0,0,False,False
589,925,2024020484,2,2024-12-14,FUT,18,NSH,,21,COL,,0,0,False,False
590,572,2024020485,2,2024-12-14,FUT,13,FLA,,20,CGY,,0,0,False,False
591,128,2024020486,2,2024-12-14,FUT,6,BOS,,23,VAN,,0,0,False,False
592,2606,2024020487,2,2024-12-14,FUT,59,UTA,,28,SJS,,0,0,False,False
593,303,2024020488,2,2024-12-14,FUT,14,TBL,,55,SEA,,0,0,False,False
594,1364,2024020489,2,2024-12-15,FUT,2,NYI,,16,CHI,,0,0,False,False
595,2074,2024020490,2,2024-12-15,FUT,7,BUF,,10,TOR,,0,0,False,False
596,482,2024020491,2,2024-12-15,FUT,29,CBJ,,12,CAR,,0,0,False,False
597,1451,2024020492,2,2024-12-15,FUT,3,NYR,,19,STL,,0,0,False,False
598,1188,2024020493,2,2024-12-15,FUT,54,VGK,,30,MIN,,0,0,False,False
599,747,2024020494,2,2024-12-16,FUT,15,WSH,,25,DAL,,0,0,False,False
600,1543,2024020495,2,2024-12-16,FUT,13,FLA,,22,EDM,,0,0,False,False
601,835,2024020496,2,2024-12-16,FUT,21,COL,,23,VAN,,0,0,False,False
602,660,2024020497,2,2024-12-17,FUT,7,BUF,,8,MTL,,0,0,False,False
603,304,2024020498,2,2024-12-17,FUT,29,CBJ,,14,TBL,,0,0,False,False
604,218,2024020499,2,2024-12-17,FUT,26,LAK,,5,PIT,,0,0,False,False
605,483,2024020500,2,2024-12-17,FUT,2,NYI,,12,CAR,,0,0,False,False
606,1811,2024020501,2,2024-12-17,FUT,1,NJD,,19,STL,,0,0,False,False
607,1013,2024020502,2,2024-12-17,FUT,3,NYR,,18,NSH,,0,0,False,False
608,748,2024020503,2,2024-12-17,FUT,15,WSH,,16,CHI,,0,0,False,False
609,129,2024020504,2,2024-12-17,FUT,6,BOS,,20,CGY,,0,0,False,False
610,2163,2024020505,2,2024-12-17,FUT,9,OTT,,55,SEA,,0,0,False,False
611,2430,2024020506,2,2024-12-17,FUT,52,WPG,,28,SJS,,0,0,False,False
612,38,2024020507,2,2024-12-18,FUT,4,PHI,,17,DET,,0,0,False,False
613,1276,2024020508,2,2024-12-18,FUT,10,TOR,,25,DAL,,0,0,False,False
614,1544,2024020509,2,2024-12-18,FUT,13,FLA,,30,MIN,,0,0,False,False
615,836,2024020510,2,2024-12-18,FUT,23,VAN,,59,UTA,,0,0,False,False
616,1099,2024020511,2,2024-12-18,FUT,52,WPG,,24,ANA,,0,0,False,False
617,305,2024020512,2,2024-12-19,FUT,19,STL,,14,TBL,,0,0,False,False
618,396,2024020513,2,2024-12-19,FUT,26,LAK,,4,PHI,,0,0,False,False
619,2344,2024020514,2,2024-12-19,FUT,1,NJD,,29,CBJ,,0,0,False,False
620,219,2024020515,2,2024-12-19,FUT,5,PIT,,18,NSH,,0,0,False,False
621,1366,2024020516,2,2024-12-19,FUT,55,SEA,,16,CHI,,0,0,False,False
622,574,2024020517,2,2024-12-19,FUT,9,OTT,,20,CGY,,0,0,False,False
623,130,2024020518,2,2024-12-19,FUT,6,BOS,,22,EDM,,0,0,False,False
624,837,2024020519,2,2024-12-19,FUT,23,VAN,,54,VGK,,0,0,False,False
625,927,2024020520,2,2024-12-19,FUT,21,COL,,28,SJS,,0,0,False,False
626,2076,2024020521,2,2024-12-20,FUT,10,TOR,,7,BUF,,0,0,False,False
627,39,2024020522,2,2024-12-20,FUT,8,MTL,,17,DET,,0,0,False,False
628,1545,2024020523,2,2024-12-20,FUT,19,STL,,13,FLA,,0,0,False,False
629,484,2024020524,2,2024-12-20,FUT,12,CAR,,15,WSH,,0,0,False,False
630,1277,2024020525,2,2024-12-20,FUT,3,NYR,,25,DAL,,0,0,False,False
631,1722,2024020526,2,2024-12-20,FUT,59,UTA,,30,MIN,,0,0,False,False
632,928,2024020527,2,2024-12-20,FUT,21,COL,,24,ANA,,0,0,False,False
633,1015,2024020528,2,2024-12-21,FUT,26,LAK,,18,NSH,,0,0,False,False
634,575,2024020529,2,2024-12-21,FUT,16,CHI,,20,CGY,,0,0,False,False
635,1634,2024020530,2,2024-12-21,FUT,28,SJS,,22,EDM,,0,0,False,False
636,131,2024020531,2,2024-12-21,FUT,7,BUF,,6,BOS,,0,0,False,False
637,1900,2024020532,2,2024-12-21,FUT,2,NYI,,10,TOR,,0,0,False,False
638,40,2024020533,2,2024-12-21,FUT,17,DET,,8,MTL,,0,0,False,False
639,220,2024020534,2,2024-12-21,FUT,5,PIT,,1,NJD,,0,0,False,False
640,397,2024020535,2,2024-12-21,FUT,29,CBJ,,4,PHI,,0,0,False,False
641,1723,2024020536,2,2024-12-21,FUT,30,MIN,,52,WPG,,0,0,False,False
642,838,2024020537,2,2024-12-21,FUT,9,OTT,,23,VAN,,0,0,False,False
643,1190,2024020538,2,2024-12-21,FUT,55,SEA,,54,VGK,,0,0,False,False
644,485,2024020539,2,2024-12-22,FUT,12,CAR,,3,NYR,,0,0,False,False
645,306,2024020540,2,2024-12-22,FUT,13,FLA,,14,TBL,,0,0,False,False
646,750,2024020541,2,2024-12-22,FUT,26,LAK,,15,WSH,,0,0,False,False
647,1101,2024020542,2,2024-12-22,FUT,24,ANA,,59,UTA,,0,0,False,False
648,929,2024020543,2,2024-12-22,FUT,55,SEA,,21,COL,,0,0,False,False
649,1635,2024020544,2,2024-12-22,FUT,9,OTT,,22,EDM,,0,0,False,False
650,1455,2024020545,2,2024-12-23,FUT,3,NYR,,1,NJD,,0,0,False,False
651,2255,2024020546,2,2024-12-23,FUT,52,WPG,,10,TOR,,0,0,False,False
652,132,2024020547,2,2024-12-23,FUT,15,WSH,,6,BOS,,0,0,False,False
653,41,2024020548,2,2024-12-23,FUT,19,STL,,17,DET,,0,0,False,False
654,307,2024020549,2,2024-12-23,FUT,14,TBL,,13,FLA,,0,0,False,False
655,221,2024020550,2,2024-12-23,FUT,4,PHI,,5,PIT,,0,0,False,False
656,663,2024020551,2,2024-12-23,FUT,8,MTL,,29,CBJ,,0,0,False,False
657,1901,2024020552,2,2024-12-23,FUT,7,BUF,,2,NYI,,0,0,False,False
658,486,2024020553,2,2024-12-23,FUT,12,CAR,,18,NSH,,0,0,False,False
659,1368,2024020554,2,2024-12-23,FUT,16,CHI,,30,MIN,,0,0,False,False
660,839,2024020555,2,2024-12-23,FUT,28,SJS,,23,VAN,,0,0,False,False
661,1278,2024020556,2,2024-12-23,FUT,25,DAL,,59,UTA,,0,0,False,False
662,1102,2024020557,2,2024-12-23,FUT,24,ANA,,54,VGK,,0,0,False,False
663,1369,2024020558,2,2024-12-27,FUT,16,CHI,,7,BUF,,0,0,False,False
664,42,2024020559,2,2024-12-27,FUT,10,TOR,,17,DET,,0,0,False,False
665,487,2024020560,2,2024-12-27,FUT,12,CAR,,1,NJD,,0,0,False,False
666,133,2024020561,2,2024-12-27,FUT,6,BOS,,29,CBJ,,0,0,False,False
667,1017,2024020562,2,2024-12-27,FUT,18,NSH,,19,STL,,0,0,False,False
668,1279,2024020563,2,2024-12-27,FUT,30,MIN,,25,DAL,,0,0,False,False
669,930,2024020564,2,2024-12-27,FUT,21,COL,,59,UTA,,0,0,False,False
670,1192,2024020565,2,2024-12-27,FUT,54,VGK,,28,SJS,,0,0,False,False
671,664,2024020566,2,2024-12-28,FUT,8,MTL,,13,FLA,,0,0,False,False
672,840,2024020567,2,2024-12-28,FUT,55,SEA,,23,VAN,,0,0,False,False
673,399,2024020568,2,2024-12-28,FUT,4,PHI,,24,ANA,,0,0,False,False
674,1636,2024020569,2,2024-12-28,FUT,22,EDM,,26,LAK,,0,0,False,False
675,134,2024020570,2,2024-12-28,FUT,29,CBJ,,6,BOS,,0,0,False,False
676,752,2024020571,2,2024-12-28,FUT,15,WSH,,10,TOR,,0,0,False,False
677,308,2024020572,2,2024-12-28,FUT,3,NYR,,14,TBL,,0,0,False,False
678,488,2024020573,2,2024-12-28,FUT,1,NJD,,12,CAR,,0,0,False,False
679,2167,2024020574,2,2024-12-28,FUT,9,OTT,,52,WPG,,0,0,False,False
680,222,2024020575,2,2024-12-28,FUT,5,PIT,,2,NYI,,0,0,False,False
681,576,2024020576,2,2024-12-28,FUT,20,CGY,,28,SJS,,0,0,False,False
682,1280,2024020577,2,2024-12-29,FUT,25,DAL,,16,CHI,,0,0,False,False
683,1104,2024020578,2,2024-12-29,FUT,22,EDM,,24,ANA,,0,0,False,False
684,43,2024020579,2,2024-12-29,FUT,15,WSH,,17,DET,,0,0,False,False
685,309,2024020580,2,2024-12-29,FUT,8,MTL,,14,TBL,,0,0,False,False
686,223,2024020581,2,2024-12-29,FUT,2,NYI,,5,PIT,,0,0,False,False
687,1816,2024020582,2,2024-12-29,FUT,7,BUF,,19,STL,,0,0,False,False
688,1726,2024020583,2,2024-12-29,FUT,9,OTT,,30,MIN,,0,0,False,False
689,577,2024020584,2,2024-12-29,FUT,20,CGY,,54,VGK,,0,0,False,False
690,400,2024020585,2,2024-12-29,FUT,4,PHI,,26,LAK,,0,0,False,False
691,1457,2024020586,2,2024-12-30,FUT,3,NYR,,13,FLA,,0,0,False,False
692,1018,2024020587,2,2024-12-30,FUT,18,NSH,,52,WPG,,0,0,False,False
693,2523,2024020588,2,2024-12-30,FUT,59,UTA,,55,SEA,,0,0,False,False
694,135,2024020589,2,2024-12-31,FUT,6,BOS,,15,WSH,,0,0,False,False
695,1904,2024020590,2,2024-12-31,FUT,2,NYI,,10,TOR,,0,0,False,False
696,666,2024020591,2,2024-12-31,FUT,8,MTL,,54,VGK,,0,0,False,False
697,1371,2024020592,2,2024-12-31,FUT,19,STL,,16,CHI,,0,0,False,False
698,44,2024020593,2,2024-12-31,FUT,5,PIT,,17,DET,,0,0,False,False
699,489,2024020594,2,2024-12-31,FUT,12,CAR,,29,CBJ,,0,0,False,False
700,1281,2024020595,2,2024-12-31,FUT,7,BUF,,25,DAL,,0,0,False,False
701,1019,2024020596,2,2024-12-31,FUT,18,NSH,,30,MIN,,0,0,False,False
702,931,2024020597,2,2024-12-31,FUT,52,WPG,,21,COL,,0,0,False,False
703,1105,2024020598,2,2024-12-31,FUT,1,NJD,,24,ANA,,0,0,False,False
704,401,2024020599,2,2024-12-31,FUT,4,PHI,,28,SJS,,0,0,False,False
705,578,2024020600,2,2024-12-31,FUT,23,VAN,,20,CGY,,0,0,False,False
706,1638,2024020601,2,2024-12-31,FUT,59,UTA,,22,EDM,,0,0,False,False
707,1991,2024020602,2,2025-01-01,FUT,1,NJD,,26,LAK,,0,0,False,False
708,490,2024020603,2,2025-01-02,FUT,12,CAR,,13,FLA,,0,0,False,False
709,136,2024020604,2,2025-01-02,FUT,6,BOS,,3,NYR,,0,0,False,False
710,755,2024020605,2,2025-01-02,FUT,30,MIN,,15,WSH,,0,0,False,False
711,45,2024020606,2,2025-01-02,FUT,17,DET,,29,CBJ,,0,0,False,False
712,1905,2024020607,2,2025-01-02,FUT,10,TOR,,2,NYI,,0,0,False,False
713,1282,2024020608,2,2025-01-02,FUT,9,OTT,,25,DAL,,0,0,False,False
714,1106,2024020609,2,2025-01-02,FUT,24,ANA,,52,WPG,,0,0,False,False
715,932,2024020610,2,2025-01-02,FUT,7,BUF,,21,COL,,0,0,False,False
716,579,2024020611,2,2025-01-02,FUT,59,UTA,,20,CGY,,0,0,False,False
717,402,2024020612,2,2025-01-02,FUT,4,PHI,,54,VGK,,0,0,False,False
718,842,2024020613,2,2025-01-02,FUT,23,VAN,,55,SEA,,0,0,False,False
719,310,2024020614,2,2025-01-02,FUT,14,TBL,,28,SJS,,0,0,False,False
720,225,2024020615,2,2025-01-03,FUT,5,PIT,,13,FLA,,0,0,False,False
721,667,2024020616,2,2025-01-03,FUT,8,MTL,,16,CHI,,0,0,False,False
722,1818,2024020617,2,2025-01-03,FUT,9,OTT,,19,STL,,0,0,False,False
723,1107,2024020618,2,2025-01-03,FUT,24,ANA,,22,EDM,,0,0,False,False
724,843,2024020619,2,2025-01-03,FUT,18,NSH,,23,VAN,,0,0,False,False
725,756,2024020620,2,2025-01-04,FUT,3,NYR,,15,WSH,,0,0,False,False
726,46,2024020621,2,2025-01-04,FUT,17,DET,,52,WPG,,0,0,False,False
727,2351,2024020622,2,2025-01-04,FUT,1,NJD,,28,SJS,,0,0,False,False
728,137,2024020623,2,2025-01-04,FUT,6,BOS,,10,TOR,,0,0,False,False
729,491,2024020624,2,2025-01-04,FUT,30,MIN,,12,CAR,,0,0,False,False
730,1819,2024020625,2,2025-01-04,FUT,19,STL,,29,CBJ,,0,0,False,False
731,668,2024020626,2,2025-01-04,FUT,8,MTL,,21,COL,,0,0,False,False
732,580,2024020627,2,2025-01-04,FUT,18,NSH,,20,CGY,,0,0,False,False
733,1283,2024020628,2,2025-01-04,FUT,59,UTA,,25,DAL,,0,0,False,False
734,311,2024020629,2,2025-01-04,FUT,14,TBL,,26,LAK,,0,0,False,False
735,1196,2024020630,2,2025-01-04,FUT,7,BUF,,54,VGK,,0,0,False,False
736,1640,2024020631,2,2025-01-04,FUT,22,EDM,,55,SEA,,0,0,False,False
737,1373,2024020632,2,2025-01-05,FUT,3,NYR,,16,CHI,,0,0,False,False
738,138,2024020633,2,2025-01-05,FUT,2,NYI,,6,BOS,,0,0,False,False
739,226,2024020634,2,2025-01-05,FUT,5,PIT,,12,CAR,,0,0,False,False
740,403,2024020635,2,2025-01-05,FUT,4,PHI,,10,TOR,,0,0,False,False
741,312,2024020636,2,2025-01-05,FUT,14,TBL,,24,ANA,,0,0,False,False
742,757,2024020637,2,2025-01-06,FUT,15,WSH,,7,BUF,,0,0,False,False
743,669,2024020638,2,2025-01-06,FUT,23,VAN,,8,MTL,,0,0,False,False
744,934,2024020639,2,2025-01-06,FUT,13,FLA,,21,COL,,0,0,False,False
745,2352,2024020640,2,2025-01-06,FUT,1,NJD,,55,SEA,,0,0,False,False
746,139,2024020641,2,2025-01-07,FUT,22,EDM,,6,BOS,,0,0,False,False
747,47,2024020642,2,2025-01-07,FUT,9,OTT,,17,DET,,0,0,False,False
748,1284,2024020643,2,2025-01-07,FUT,25,DAL,,3,NYR,,0,0,False,False
749,404,2024020644,2,2025-01-07,FUT,10,TOR,,4,PHI,,0,0,False,False
750,227,2024020645,2,2025-01-07,FUT,29,CBJ,,5,PIT,,0,0,False,False
751,1730,2024020646,2,2025-01-07,FUT,19,STL,,30,MIN,,0,0,False,False
752,1022,2024020647,2,2025-01-07,FUT,18,NSH,,52,WPG,,0,0,False,False
753,581,2024020648,2,2025-01-07,FUT,20,CGY,,24,ANA,,0,0,False,False
754,1197,2024020649,2,2025-01-07,FUT,54,VGK,,28,SJS,,0,0,False,False
755,758,2024020650,2,2025-01-08,FUT,23,VAN,,15,WSH,,0,0,False,False
756,935,2024020651,2,2025-01-08,FUT,21,COL,,16,CHI,,0,0,False,False
757,1553,2024020652,2,2025-01-08,FUT,13,FLA,,59,UTA,,0,0,False,False
758,582,2024020653,2,2025-01-08,FUT,20,CGY,,26,LAK,,0,0,False,False
759,2085,2024020654,2,2025-01-09,FUT,7,BUF,,9,OTT,,0,0,False,False
760,140,2024020655,2,2025-01-09,FUT,6,BOS,,14,TBL,,0,0,False,False
761,1462,2024020656,2,2025-01-09,FUT,1,NJD,,3,NYR,,0,0,False,False
762,405,2024020657,2,2025-01-09,FUT,25,DAL,,4,PHI,,0,0,False,False
763,228,2024020658,2,2025-01-09,FUT,22,EDM,,5,PIT,,0,0,False,False
764,493,2024020659,2,2025-01-09,FUT,10,TOR,,12,CAR,,0,0,False,False
765,2527,2024020660,2,2025-01-09,FUT,55,SEA,,29,CBJ,,0,0,False,False
766,1110,2024020661,2,2025-01-09,FUT,24,ANA,,19,STL,,0,0,False,False
767,936,2024020662,2,2025-01-09,FUT,21,COL,,30,MIN,,0,0,False,False
768,1198,2024020663,2,2025-01-09,FUT,2,NYI,,54,VGK,,0,0,False,False
769,48,2024020664,2,2025-01-10,FUT,16,CHI,,17,DET,,0,0,False,False
770,670,2024020665,2,2025-01-10,FUT,8,MTL,,15,WSH,,0,0,False,False
771,494,2024020666,2,2025-01-10,FUT,23,VAN,,12,CAR,,0,0,False,False
772,1994,2024020667,2,2025-01-10,FUT,26,LAK,,52,WPG,,0,0,False,False
773,2617,2024020668,2,2025-01-10,FUT,28,SJS,,59,UTA,,0,0,False,False
774,141,2024020669,2,2025-01-11,FUT,6,BOS,,13,FLA,,0,0,False,False
775,2086,2024020670,2,2025-01-11,FUT,55,SEA,,7,BUF,,0,0,False,False
776,229,2024020671,2,2025-01-11,FUT,9,OTT,,5,PIT,,0,0,False,False
777,847,2024020672,2,2025-01-11,FUT,23,VAN,,10,TOR,,0,0,False,False
778,671,2024020673,2,2025-01-11,FUT,25,DAL,,8,MTL,,0,0,False,False
779,314,2024020674,2,2025-01-11,FUT,14,TBL,,1,NJD,,0,0,False,False
780,406,2024020675,2,2025-01-11,FUT,24,ANA,,4,PHI,,0,0,False,False
781,1376,2024020676,2,2025-01-11,FUT,22,EDM,,16,CHI,,0,0,False,False
782,1822,2024020677,2,2025-01-11,FUT,29,CBJ,,19,STL,,0,0,False,False
783,937,2024020678,2,2025-01-11,FUT,21,COL,,52,WPG,,0,0,False,False
784,760,2024020679,2,2025-01-11,FUT,15,WSH,,18,NSH,,0,0,False,False
785,1908,2024020680,2,2025-01-11,FUT,2,NYI,,59,UTA,,0,0,False,False
786,583,2024020681,2,2025-01-11,FUT,26,LAK,,20,CGY,,0,0,False,False
787,1199,2024020682,2,2025-01-11,FUT,3,NYR,,54,VGK,,0,0,False,False
788,1732,2024020683,2,2025-01-11,FUT,30,MIN,,28,SJS,,0,0,False,False
789,49,2024020684,2,2025-01-12,FUT,55,SEA,,17,DET,,0,0,False,False
790,1287,2024020685,2,2025-01-12,FUT,25,DAL,,9,OTT,,0,0,False,False
791,230,2024020686,2,2025-01-12,FUT,14,TBL,,5,PIT,,0,0,False,False
792,495,2024020687,2,2025-01-12,FUT,24,ANA,,12,CAR,,0,0,False,False
793,1200,2024020688,2,2025-01-12,FUT,30,MIN,,54,VGK,,0,0,False,False
794,407,2024020689,2,2025-01-13,FUT,13,FLA,,4,PHI,,0,0,False,False
795,584,2024020690,2,2025-01-13,FUT,20,CGY,,16,CHI,,0,0,False,False
796,1644,2024020691,2,2025-01-13,FUT,26,LAK,,22,EDM,,0,0,False,False
797,142,2024020692,2,2025-01-14,FUT,14,TBL,,6,BOS,,0,0,False,False
798,1288,2024020693,2,2025-01-14,FUT,25,DAL,,10,TOR,,0,0,False,False
799,50,2024020694,2,2025-01-14,FUT,28,SJS,,17,DET,,0,0,False,False
800,1556,2024020695,2,2025-01-14,FUT,13,FLA,,1,NJD,,0,0,False,False
801,231,2024020696,2,2025-01-14,FUT,55,SEA,,5,PIT,,0,0,False,False
802,761,2024020697,2,2025-01-14,FUT,24,ANA,,15,WSH,,0,0,False,False
803,408,2024020698,2,2025-01-14,FUT,4,PHI,,29,CBJ,,0,0,False,False
804,1909,2024020699,2,2025-01-14,FUT,9,OTT,,2,NYI,,0,0,False,False
805,585,2024020700,2,2025-01-14,FUT,20,CGY,,19,STL,,0,0,False,False
806,1024,2024020701,2,2025-01-14,FUT,54,VGK,,18,NSH,,0,0,False,False
807,848,2024020702,2,2025-01-14,FUT,23,VAN,,52,WPG,,0,0,False,False
808,938,2024020703,2,2025-01-14,FUT,3,NYR,,21,COL,,0,0,False,False
809,672,2024020704,2,2025-01-14,FUT,8,MTL,,59,UTA,,0,0,False,False
810,496,2024020705,2,2025-01-15,FUT,12,CAR,,7,BUF,,0,0,False,False
811,1645,2024020706,2,2025-01-15,FUT,22,EDM,,30,MIN,,0,0,False,False
812,2266,2024020707,2,2025-01-16,FUT,1,NJD,,10,TOR,,0,0,False,False
813,762,2024020708,2,2025-01-16,FUT,15,WSH,,9,OTT,,0,0,False,False
814,317,2024020709,2,2025-01-16,FUT,24,ANA,,14,TBL,,0,0,False,False
815,51,2024020710,2,2025-01-16,FUT,17,DET,,13,FLA,,0,0,False,False
816,2620,2024020711,2,2025-01-16,FUT,28,SJS,,29,CBJ,,0,0,False,False
817,409,2024020712,2,2025-01-16,FUT,4,PHI,,2,NYI,,0,0,False,False
818,586,2024020713,2,2025-01-16,FUT,20,CGY,,19,STL,,0,0,False,False
819,1025,2024020714,2,2025-01-16,FUT,16,CHI,,18,NSH,,0,0,False,False
820,673,2024020715,2,2025-01-16,FUT,8,MTL,,25,DAL,,0,0,False,False
821,2443,2024020716,2,2025-01-16,FUT,55,SEA,,52,WPG,,0,0,False,False
822,1465,2024020717,2,2025-01-16,FUT,3,NYR,,59,UTA,,0,0,False,False
823,939,2024020718,2,2025-01-16,FUT,22,EDM,,21,COL,,0,0,False,False
824,849,2024020719,2,2025-01-16,FUT,26,LAK,,23,VAN,,0,0,False,False
825,232,2024020720,2,2025-01-17,FUT,5,PIT,,7,BUF,,0,0,False,False
826,497,2024020721,2,2025-01-17,FUT,54,VGK,,12,CAR,,0,0,False,False
827,410,2024020722,2,2025-01-18,FUT,4,PHI,,1,NJD,,0,0,False,False
828,143,2024020723,2,2025-01-18,FUT,6,BOS,,9,OTT,,0,0,False,False
829,940,2024020724,2,2025-01-18,FUT,25,DAL,,21,COL,,0,0,False,False
830,1115,2024020725,2,2025-01-18,FUT,24,ANA,,13,FLA,,0,0,False,False
831,674,2024020726,2,2025-01-18,FUT,10,TOR,,8,MTL,,0,0,False,False
832,52,2024020727,2,2025-01-18,FUT,17,DET,,14,TBL,,0,0,False,False
833,1466,2024020728,2,2025-01-18,FUT,29,CBJ,,3,NYR,,0,0,False,False
834,233,2024020729,2,2025-01-18,FUT,5,PIT,,15,WSH,,0,0,False,False
835,587,2024020730,2,2025-01-18,FUT,20,CGY,,52,WPG,,0,0,False,False
836,1911,2024020731,2,2025-01-18,FUT,28,SJS,,2,NYI,,0,0,False,False
837,1203,2024020732,2,2025-01-18,FUT,54,VGK,,16,CHI,,0,0,False,False
838,1026,2024020733,2,2025-01-18,FUT,30,MIN,,18,NSH,,0,0,False,False
839,1825,2024020734,2,2025-01-18,FUT,19,STL,,59,UTA,,0,0,False,False
840,850,2024020735,2,2025-01-18,FUT,22,EDM,,23,VAN,,0,0,False,False
841,1998,2024020736,2,2025-01-18,FUT,26,LAK,,55,SEA,,0,0,False,False
842,2178,2024020737,2,2025-01-19,FUT,9,OTT,,1,NJD,,0,0,False,False
843,675,2024020738,2,2025-01-19,FUT,3,NYR,,8,MTL,,0,0,False,False
844,53,2024020739,2,2025-01-19,FUT,17,DET,,25,DAL,,0,0,False,False
845,144,2024020740,2,2025-01-20,FUT,28,SJS,,6,BOS,,0,0,False,False
846,941,2024020741,2,2025-01-20,FUT,30,MIN,,21,COL,,0,0,False,False
847,2089,2024020742,2,2025-01-20,FUT,7,BUF,,55,SEA,,0,0,False,False
848,1204,2024020743,2,2025-01-20,FUT,19,STL,,54,VGK,,0,0,False,False
849,319,2024020744,2,2025-01-20,FUT,14,TBL,,10,TOR,,0,0,False,False
850,1912,2024020745,2,2025-01-20,FUT,29,CBJ,,2,NYI,,0,0,False,False
851,498,2024020746,2,2025-01-20,FUT,12,CAR,,16,CHI,,0,0,False,False
852,2445,2024020747,2,2025-01-20,FUT,52,WPG,,59,UTA,,0,0,False,False
853,234,2024020748,2,2025-01-20,FUT,5,PIT,,26,LAK,,0,0,False,False
854,320,2024020749,2,2025-01-21,FUT,14,TBL,,8,MTL,,0,0,False,False
855,1468,2024020750,2,2025-01-21,FUT,9,OTT,,3,NYR,,0,0,False,False
856,54,2024020751,2,2025-01-21,FUT,17,DET,,4,PHI,,0,0,False,False
857,1027,2024020752,2,2025-01-21,FUT,28,SJS,,18,NSH,,0,0,False,False
858,499,2024020753,2,2025-01-21,FUT,12,CAR,,25,DAL,,0,0,False,False
859,764,2024020754,2,2025-01-21,FUT,15,WSH,,22,EDM,,0,0,False,False
860,851,2024020755,2,2025-01-21,FUT,7,BUF,,23,VAN,,0,0,False,False
861,1116,2024020756,2,2025-01-21,FUT,13,FLA,,24,ANA,,0,0,False,False
862,2269,2024020757,2,2025-01-22,FUT,29,CBJ,,10,TOR,,0,0,False,False
863,145,2024020758,2,2025-01-22,FUT,6,BOS,,1,NJD,,0,0,False,False
864,942,2024020759,2,2025-01-22,FUT,52,WPG,,21,COL,,0,0,False,False
865,1560,2024020760,2,2025-01-22,FUT,13,FLA,,26,LAK,,0,0,False,False
866,146,2024020761,2,2025-01-23,FUT,9,OTT,,6,BOS,,0,0,False,False
867,55,2024020762,2,2025-01-23,FUT,8,MTL,,17,DET,,0,0,False,False
868,412,2024020763,2,2025-01-23,FUT,4,PHI,,3,NYR,,0,0,False,False
869,500,2024020764,2,2025-01-23,FUT,29,CBJ,,12,CAR,,0,0,False,False
870,1205,2024020765,2,2025-01-23,FUT,54,VGK,,19,STL,,0,0,False,False
871,1737,2024020766,2,2025-01-23,FUT,59,UTA,,30,MIN,,0,0,False,False
872,588,2024020767,2,2025-01-23,FUT,7,BUF,,20,CGY,,0,0,False,False
873,852,2024020768,2,2025-01-23,FUT,23,VAN,,22,EDM,,0,0,False,False
874,235,2024020769,2,2025-01-23,FUT,5,PIT,,24,ANA,,0,0,False,False
875,765,2024020770,2,2025-01-23,FUT,15,WSH,,55,SEA,,0,0,False,False
876,1028,2024020771,2,2025-01-23,FUT,18,NSH,,28,SJS,,0,0,False,False
877,413,2024020772,2,2025-01-24,FUT,4,PHI,,2,NYI,,0,0,False,False
878,321,2024020773,2,2025-01-24,FUT,14,TBL,,16,CHI,,0,0,False,False
879,1206,2024020774,2,2025-01-24,FUT,54,VGK,,25,DAL,,0,0,False,False
880,2447,2024020775,2,2025-01-24,FUT,59,UTA,,52,WPG,,0,0,False,False
881,147,2024020776,2,2025-01-25,FUT,21,COL,,6,BOS,,0,0,False,False
882,1650,2024020777,2,2025-01-25,FUT,7,BUF,,22,EDM,,0,0,False,False
883,236,2024020778,2,2025-01-25,FUT,5,PIT,,55,SEA,,0,0,False,False
884,678,2024020779,2,2025-01-25,FUT,1,NJD,,8,MTL,,0,0,False,False
885,2181,2024020780,2,2025-01-25,FUT,10,TOR,,9,OTT,,0,0,False,False
886,56,2024020781,2,2025-01-25,FUT,14,TBL,,17,DET,,0,0,False,False
887,2001,2024020782,2,2025-01-25,FUT,26,LAK,,29,CBJ,,0,0,False,False
888,1294,2024020783,2,2025-01-25,FUT,25,DAL,,19,STL,,0,0,False,False
889,589,2024020784,2,2025-01-25,FUT,20,CGY,,30,MIN,,0,0,False,False
890,501,2024020785,2,2025-01-25,FUT,12,CAR,,2,NYI,,0,0,False,False
891,766,2024020786,2,2025-01-25,FUT,15,WSH,,23,VAN,,0,0,False,False
892,1029,2024020787,2,2025-01-25,FUT,18,NSH,,24,ANA,,0,0,False,False
893,1561,2024020788,2,2025-01-25,FUT,13,FLA,,28,SJS,,0,0,False,False
894,944,2024020789,2,2025-01-26,FUT,21,COL,,3,NYR,,0,0,False,False
895,2182,2024020790,2,2025-01-26,FUT,59,UTA,,9,OTT,,0,0,False,False
896,590,2024020791,2,2025-01-26,FUT,20,CGY,,52,WPG,,0,0,False,False
897,1382,2024020792,2,2025-01-26,FUT,30,MIN,,16,CHI,,0,0,False,False
898,1207,2024020793,2,2025-01-26,FUT,13,FLA,,54,VGK,,0,0,False,False
899,57,2024020794,2,2025-01-27,FUT,26,LAK,,17,DET,,0,0,False,False
900,414,2024020795,2,2025-01-27,FUT,1,NJD,,4,PHI,,0,0,False,False
901,854,2024020796,2,2025-01-27,FUT,23,VAN,,19,STL,,0,0,False,False
902,1651,2024020797,2,2025-01-27,FUT,55,SEA,,22,EDM,,0,0,False,False
903,237,2024020798,2,2025-01-27,FUT,5,PIT,,28,SJS,,0,0,False,False
904,148,2024020799,2,2025-01-28,FUT,6,BOS,,7,BUF,,0,0,False,False
905,679,2024020800,2,2025-01-28,FUT,52,WPG,,8,MTL,,0,0,False,False
906,323,2024020801,2,2025-01-28,FUT,16,CHI,,14,TBL,,0,0,False,False
907,502,2024020802,2,2025-01-28,FUT,12,CAR,,3,NYR,,0,0,False,False
908,945,2024020803,2,2025-01-28,FUT,21,COL,,2,NYI,,0,0,False,False
909,591,2024020804,2,2025-01-28,FUT,15,WSH,,20,CGY,,0,0,False,False
910,1208,2024020805,2,2025-01-28,FUT,25,DAL,,54,VGK,,0,0,False,False
911,1119,2024020806,2,2025-01-28,FUT,24,ANA,,55,SEA,,0,0,False,False
912,1740,2024020807,2,2025-01-29,FUT,30,MIN,,10,TOR,,0,0,False,False
913,1563,2024020808,2,2025-01-29,FUT,26,LAK,,13,FLA,,0,0,False,False
914,415,2024020809,2,2025-01-29,FUT,4,PHI,,1,NJD,,0,0,False,False
915,855,2024020810,2,2025-01-29,FUT,23,VAN,,18,NSH,,0,0,False,False
916,238,2024020811,2,2025-01-29,FUT,5,PIT,,59,UTA,,0,0,False,False
917,149,2024020812,2,2025-01-30,FUT,52,WPG,,6,BOS,,0,0,False,False
918,680,2024020813,2,2025-01-30,FUT,30,MIN,,8,MTL,,0,0,False,False
919,768,2024020814,2,2025-01-30,FUT,15,WSH,,9,OTT,,0,0,False,False
920,324,2024020815,2,2025-01-30,FUT,26,LAK,,14,TBL,,0,0,False,False
921,416,2024020816,2,2025-01-30,FUT,2,NYI,,4,PHI,,0,0,False,False
922,503,2024020817,2,2025-01-30,FUT,16,CHI,,12,CAR,,0,0,False,False
923,592,2024020818,2,2025-01-30,FUT,24,ANA,,20,CGY,,0,0,False,False
924,58,2024020819,2,2025-01-30,FUT,17,DET,,22,EDM,,0,0,False,False
925,1209,2024020820,2,2025-01-30,FUT,29,CBJ,,54,VGK,,0,0,False,False
926,2538,2024020821,2,2025-01-30,FUT,28,SJS,,55,SEA,,0,0,False,False
927,1031,2024020822,2,2025-01-31,FUT,18,NSH,,7,BUF,,0,0,False,False
928,856,2024020823,2,2025-01-31,FUT,23,VAN,,25,DAL,,0,0,False,False
929,946,2024020824,2,2025-01-31,FUT,19,STL,,21,COL,,0,0,False,False
930,2713,2024020825,2,2025-01-31,FUT,29,CBJ,,59,UTA,,0,0,False,False
931,1385,2024020826,2,2025-02-01,FUT,16,CHI,,13,FLA,,0,0,False,False
932,150,2024020827,2,2025-02-01,FUT,3,NYR,,6,BOS,,0,0,False,False
933,1742,2024020828,2,2025-02-01,FUT,30,MIN,,9,OTT,,0,0,False,False
934,325,2024020829,2,2025-02-01,FUT,2,NYI,,14,TBL,,0,0,False,False
935,239,2024020830,2,2025-02-01,FUT,18,NSH,,5,PIT,,0,0,False,False
936,769,2024020831,2,2025-02-01,FUT,52,WPG,,15,WSH,,0,0,False,False
937,504,2024020832,2,2025-02-01,FUT,26,LAK,,12,CAR,,0,0,False,False
938,1653,2024020833,2,2025-02-01,FUT,10,TOR,,22,EDM,,0,0,False,False
939,59,2024020834,2,2025-02-01,FUT,17,DET,,20,CGY,,0,0,False,False
940,2095,2024020835,2,2025-02-02,FUT,1,NJD,,7,BUF,,0,0,False,False
941,417,2024020836,2,2025-02-02,FUT,4,PHI,,21,COL,,0,0,False,False
942,681,2024020837,2,2025-02-02,FUT,8,MTL,,24,ANA,,0,0,False,False
943,1565,2024020838,2,2025-02-02,FUT,2,NYI,,13,FLA,,0,0,False,False
944,1210,2024020839,2,2025-02-02,FUT,54,VGK,,3,NYR,,0,0,False,False
945,1297,2024020840,2,2025-02-02,FUT,29,CBJ,,25,DAL,,0,0,False,False
946,1831,2024020841,2,2025-02-02,FUT,19,STL,,59,UTA,,0,0,False,False
947,60,2024020842,2,2025-02-02,FUT,17,DET,,23,VAN,,0,0,False,False
948,594,2024020843,2,2025-02-02,FUT,20,CGY,,55,SEA,,0,0,False,False
949,1033,2024020844,2,2025-02-03,FUT,9,OTT,,18,NSH,,0,0,False,False
950,151,2024020845,2,2025-02-04,FUT,30,MIN,,6,BOS,,0,0,False,False
951,2096,2024020846,2,2025-02-04,FUT,29,CBJ,,7,BUF,,0,0,False,False
952,326,2024020847,2,2025-02-04,FUT,9,OTT,,14,TBL,,0,0,False,False
953,240,2024020848,2,2025-02-04,FUT,1,NJD,,5,PIT,,0,0,False,False
954,770,2024020849,2,2025-02-04,FUT,13,FLA,,15,WSH,,0,0,False,False
955,1211,2024020850,2,2025-02-04,FUT,54,VGK,,2,NYI,,0,0,False,False
956,1654,2024020851,2,2025-02-04,FUT,22,EDM,,19,STL,,0,0,False,False
957,505,2024020852,2,2025-02-04,FUT,12,CAR,,52,WPG,,0,0,False,False
958,595,2024020853,2,2025-02-04,FUT,10,TOR,,20,CGY,,0,0,False,False
959,418,2024020854,2,2025-02-04,FUT,4,PHI,,59,UTA,,0,0,False,False
960,858,2024020855,2,2025-02-04,FUT,21,COL,,23,VAN,,0,0,False,False
961,1122,2024020856,2,2025-02-04,FUT,25,DAL,,24,ANA,,0,0,False,False
962,61,2024020857,2,2025-02-04,FUT,17,DET,,55,SEA,,0,0,False,False
963,682,2024020858,2,2025-02-04,FUT,8,MTL,,28,SJS,,0,0,False,False
964,152,2024020859,2,2025-02-05,FUT,6,BOS,,3,NYR,,0,0,False,False
965,1386,2024020860,2,2025-02-05,FUT,22,EDM,,16,CHI,,0,0,False,False
966,683,2024020861,2,2025-02-05,FUT,8,MTL,,26,LAK,,0,0,False,False
967,327,2024020862,2,2025-02-06,FUT,9,OTT,,14,TBL,,0,0,False,False
968,1212,2024020863,2,2025-02-06,FUT,54,VGK,,1,NJD,,0,0,False,False
969,419,2024020864,2,2025-02-06,FUT,15,WSH,,4,PHI,,0,0,False,False
970,2716,2024020865,2,2025-02-06,FUT,59,UTA,,29,CBJ,,0,0,False,False
971,1567,2024020866,2,2025-02-06,FUT,13,FLA,,19,STL,,0,0,False,False
972,506,2024020867,2,2025-02-06,FUT,12,CAR,,30,MIN,,0,0,False,False
973,596,2024020868,2,2025-02-06,FUT,21,COL,,20,CGY,,0,0,False,False
974,2274,2024020869,2,2025-02-06,FUT,10,TOR,,55,SEA,,0,0,False,False
975,859,2024020870,2,2025-02-06,FUT,23,VAN,,28,SJS,,0,0,False,False
976,241,2024020871,2,2025-02-07,FUT,5,PIT,,3,NYR,,0,0,False,False
977,1920,2024020872,2,2025-02-07,FUT,2,NYI,,52,WPG,,0,0,False,False
978,1034,2024020873,2,2025-02-07,FUT,18,NSH,,16,CHI,,0,0,False,False
979,950,2024020874,2,2025-02-07,FUT,21,COL,,22,EDM,,0,0,False,False
980,1299,2024020875,2,2025-02-07,FUT,25,DAL,,26,LAK,,0,0,False,False
981,684,2024020876,2,2025-02-08,FUT,1,NJD,,8,MTL,,0,0,False,False
982,62,2024020877,2,2025-02-08,FUT,14,TBL,,17,DET,,0,0,False,False
983,507,2024020878,2,2025-02-08,FUT,59,UTA,,12,CAR,,0,0,False,False
984,153,2024020879,2,2025-02-08,FUT,54,VGK,,6,BOS,,0,0,False,False
985,1568,2024020880,2,2025-02-08,FUT,9,OTT,,13,FLA,,0,0,False,False
986,242,2024020881,2,2025-02-08,FUT,5,PIT,,4,PHI,,0,0,False,False
987,1476,2024020882,2,2025-02-08,FUT,3,NYR,,29,CBJ,,0,0,False,False
988,1388,2024020883,2,2025-02-08,FUT,16,CHI,,19,STL,,0,0,False,False
989,860,2024020884,2,2025-02-08,FUT,10,TOR,,23,VAN,,0,0,False,False
990,1035,2024020885,2,2025-02-08,FUT,7,BUF,,18,NSH,,0,0,False,False
991,1745,2024020886,2,2025-02-08,FUT,2,NYI,,30,MIN,,0,0,False,False
992,597,2024020887,2,2025-02-08,FUT,55,SEA,,20,CGY,,0,0,False,False
993,1123,2024020888,2,2025-02-08,FUT,24,ANA,,26,LAK,,0,0,False,False
994,1300,2024020889,2,2025-02-08,FUT,25,DAL,,28,SJS,,0,0,False,False
995,772,2024020890,2,2025-02-09,FUT,59,UTA,,15,WSH,,0,0,False,False
996,329,2024020891,2,2025-02-09,FUT,14,TBL,,8,MTL,,0,0,False,False
997,421,2024020892,2,2025-02-22,FUT,22,EDM,,4,PHI,,0,0,False,False
998,243,2024020893,2,2025-02-22,FUT,15,WSH,,5,PIT,,0,0,False,False
999,63,2024020894,2,2025-02-22,FUT,30,MIN,,17,DET,,0,0,False,False
1000,1477,2024020895,2,2025-02-22,FUT,3,NYR,,7,BUF,,0,0,False,False
1001,1569,2024020896,2,2025-02-22,FUT,55,SEA,,13,FLA,,0,0,False,False
1002,1301,2024020897,2,2025-02-22,FUT,25,DAL,,1,NJD,,0,0,False,False
1003,951,2024020898,2,2025-02-22,FUT,21,COL,,18,NSH,,0,0,False,False
1004,154,2024020899,2,2025-02-22,FUT,24,ANA,,6,BOS,,0,0,False,False
1005,508,2024020900,2,2025-02-22,FUT,12,CAR,,10,TOR,,0,0,False,False
1006,686,2024020901,2,2025-02-22,FUT,8,MTL,,9,OTT,,0,0,False,False
1007,1389,2024020902,2,2025-02-22,FUT,16,CHI,,29,CBJ,,0,0,False,False
1008,1835,2024020903,2,2025-02-22,FUT,52,WPG,,19,STL,,0,0,False,False
1009,2009,2024020904,2,2025-02-22,FUT,59,UTA,,26,LAK,,0,0,False,False
1010,861,2024020905,2,2025-02-22,FUT,23,VAN,,54,VGK,,0,0,False,False
1011,774,2024020906,2,2025-02-23,FUT,22,EDM,,15,WSH,,0,0,False,False
1012,244,2024020907,2,2025-02-23,FUT,3,NYR,,5,PIT,,0,0,False,False
1013,64,2024020908,2,2025-02-23,FUT,24,ANA,,17,DET,,0,0,False,False
1014,330,2024020909,2,2025-02-23,FUT,55,SEA,,14,TBL,,0,0,False,False
1015,952,2024020910,2,2025-02-23,FUT,21,COL,,19,STL,,0,0,False,False
1016,1037,2024020911,2,2025-02-23,FUT,1,NJD,,18,NSH,,0,0,False,False
1017,1390,2024020912,2,2025-02-23,FUT,10,TOR,,16,CHI,,0,0,False,False
1018,1302,2024020913,2,2025-02-23,FUT,25,DAL,,2,NYI,,0,0,False,False
1019,598,2024020914,2,2025-02-23,FUT,28,SJS,,20,CGY,,0,0,False,False
1020,862,2024020915,2,2025-02-23,FUT,23,VAN,,59,UTA,,0,0,False,False
1021,2455,2024020916,2,2025-02-24,FUT,28,SJS,,52,WPG,,0,0,False,False
1022,1215,2024020917,2,2025-02-24,FUT,54,VGK,,26,LAK,,0,0,False,False
1023,155,2024020918,2,2025-02-25,FUT,10,TOR,,6,BOS,,0,0,False,False
1024,1126,2024020919,2,2025-02-25,FUT,24,ANA,,7,BUF,,0,0,False,False
1025,509,2024020920,2,2025-02-25,FUT,12,CAR,,8,MTL,,0,0,False,False
1026,331,2024020921,2,2025-02-25,FUT,22,EDM,,14,TBL,,0,0,False,False
1027,245,2024020922,2,2025-02-25,FUT,5,PIT,,4,PHI,,0,0,False,False
1028,599,2024020923,2,2025-02-25,FUT,20,CGY,,15,WSH,,0,0,False,False
1029,1303,2024020924,2,2025-02-25,FUT,25,DAL,,29,CBJ,,0,0,False,False
1030,1479,2024020925,2,2025-02-25,FUT,3,NYR,,2,NYI,,0,0,False,False
1031,1837,2024020926,2,2025-02-25,FUT,55,SEA,,19,STL,,0,0,False,False
1032,1038,2024020927,2,2025-02-25,FUT,13,FLA,,18,NSH,,0,0,False,False
1033,65,2024020928,2,2025-02-25,FUT,17,DET,,30,MIN,,0,0,False,False
1034,1391,2024020929,2,2025-02-25,FUT,16,CHI,,59,UTA,,0,0,False,False
1035,2190,2024020930,2,2025-02-26,FUT,52,WPG,,9,OTT,,0,0,False,False
1036,953,2024020931,2,2025-02-26,FUT,1,NJD,,21,COL,,0,0,False,False
1037,863,2024020932,2,2025-02-26,FUT,23,VAN,,26,LAK,,0,0,False,False
1038,156,2024020933,2,2025-02-27,FUT,2,NYI,,6,BOS,,0,0,False,False
1039,688,2024020934,2,2025-02-27,FUT,28,SJS,,8,MTL,,0,0,False,False
1040,66,2024020935,2,2025-02-27,FUT,29,CBJ,,17,DET,,0,0,False,False
1041,332,2024020936,2,2025-02-27,FUT,20,CGY,,14,TBL,,0,0,False,False
1042,1571,2024020937,2,2025-02-27,FUT,22,EDM,,13,FLA,,0,0,False,False
1043,246,2024020938,2,2025-02-27,FUT,4,PHI,,5,PIT,,0,0,False,False
1044,776,2024020939,2,2025-02-27,FUT,19,STL,,15,WSH,,0,0,False,False
1045,510,2024020940,2,2025-02-27,FUT,7,BUF,,12,CAR,,0,0,False,False
1046,1039,2024020941,2,2025-02-27,FUT,52,WPG,,18,NSH,,0,0,False,False
1047,1748,2024020942,2,2025-02-27,FUT,30,MIN,,59,UTA,,0,0,False,False
1048,1216,2024020943,2,2025-02-27,FUT,16,CHI,,54,VGK,,0,0,False,False
1049,864,2024020944,2,2025-02-27,FUT,23,VAN,,24,ANA,,0,0,False,False
1050,1480,2024020945,2,2025-02-28,FUT,10,TOR,,3,NYR,,0,0,False,False
1051,1304,2024020946,2,2025-02-28,FUT,26,LAK,,25,DAL,,0,0,False,False
1052,954,2024020947,2,2025-02-28,FUT,30,MIN,,21,COL,,0,0,False,False
1053,67,2024020948,2,2025-03-01,FUT,17,DET,,29,CBJ,,0,0,False,False
1054,1040,2024020949,2,2025-03-01,FUT,18,NSH,,2,NYI,,0,0,False,False
1055,333,2024020950,2,2025-03-01,FUT,14,TBL,,15,WSH,,0,0,False,False
1056,601,2024020951,2,2025-03-01,FUT,20,CGY,,13,FLA,,0,0,False,False
1057,157,2024020952,2,2025-03-01,FUT,6,BOS,,5,PIT,,0,0,False,False
1058,689,2024020953,2,2025-03-01,FUT,8,MTL,,7,BUF,,0,0,False,False
1059,2191,2024020954,2,2025-03-01,FUT,28,SJS,,9,OTT,,0,0,False,False
1060,511,2024020955,2,2025-03-01,FUT,22,EDM,,12,CAR,,0,0,False,False
1061,424,2024020956,2,2025-03-01,FUT,4,PHI,,52,WPG,,0,0,False,False
1062,1839,2024020957,2,2025-03-01,FUT,26,LAK,,19,STL,,0,0,False,False
1063,2370,2024020958,2,2025-03-01,FUT,1,NJD,,59,UTA,,0,0,False,False
1064,1128,2024020959,2,2025-03-01,FUT,16,CHI,,24,ANA,,0,0,False,False
1065,865,2024020960,2,2025-03-01,FUT,23,VAN,,55,SEA,,0,0,False,False
1066,248,2024020961,2,2025-03-02,FUT,10,TOR,,5,PIT,,0,0,False,False
1067,158,2024020962,2,2025-03-02,FUT,6,BOS,,30,MIN,,0,0,False,False
1068,512,2024020963,2,2025-03-02,FUT,20,CGY,,12,CAR,,0,0,False,False
1069,1305,2024020964,2,2025-03-02,FUT,19,STL,,25,DAL,,0,0,False,False
1070,1041,2024020965,2,2025-03-02,FUT,18,NSH,,3,NYR,,0,0,False,False
1071,1217,2024020966,2,2025-03-02,FUT,1,NJD,,54,VGK,,0,0,False,False
1072,778,2024020967,2,2025-03-03,FUT,9,OTT,,15,WSH,,0,0,False,False
1073,690,2024020968,2,2025-03-03,FUT,7,BUF,,8,MTL,,0,0,False,False
1074,334,2024020969,2,2025-03-03,FUT,14,TBL,,13,FLA,,0,0,False,False
1075,1482,2024020970,2,2025-03-03,FUT,2,NYI,,3,NYR,,0,0,False,False
1076,2281,2024020971,2,2025-03-03,FUT,28,SJS,,10,TOR,,0,0,False,False
1077,1394,2024020972,2,2025-03-03,FUT,26,LAK,,16,CHI,,0,0,False,False
1078,159,2024020973,2,2025-03-04,FUT,18,NSH,,6,BOS,,0,0,False,False
1079,2103,2024020974,2,2025-03-04,FUT,28,SJS,,7,BUF,,0,0,False,False
1080,68,2024020975,2,2025-03-04,FUT,12,CAR,,17,DET,,0,0,False,False
1081,335,2024020976,2,2025-03-04,FUT,29,CBJ,,14,TBL,,0,0,False,False
1082,425,2024020977,2,2025-03-04,FUT,20,CGY,,4,PHI,,0,0,False,False
1083,1927,2024020978,2,2025-03-04,FUT,52,WPG,,2,NYI,,0,0,False,False
1084,1306,2024020979,2,2025-03-04,FUT,1,NJD,,25,DAL,,0,0,False,False
1085,249,2024020980,2,2025-03-04,FUT,5,PIT,,21,COL,,0,0,False,False
1086,1129,2024020981,2,2025-03-04,FUT,24,ANA,,22,EDM,,0,0,False,False
1087,1751,2024020982,2,2025-03-04,FUT,30,MIN,,55,SEA,,0,0,False,False
1088,779,2024020983,2,2025-03-05,FUT,15,WSH,,3,NYR,,0,0,False,False
1089,1395,2024020984,2,2025-03-05,FUT,9,OTT,,16,CHI,,0,0,False,False
1090,1218,2024020985,2,2025-03-05,FUT,10,TOR,,54,VGK,,0,0,False,False
1091,866,2024020986,2,2025-03-05,FUT,24,ANA,,23,VAN,,0,0,False,False
1092,1841,2024020987,2,2025-03-05,FUT,19,STL,,26,LAK,,0,0,False,False
1093,69,2024020988,2,2025-03-06,FUT,59,UTA,,17,DET,,0,0,False,False
1094,336,2024020989,2,2025-03-06,FUT,7,BUF,,14,TBL,,0,0,False,False
1095,1574,2024020990,2,2025-03-06,FUT,29,CBJ,,13,FLA,,0,0,False,False
1096,426,2024020991,2,2025-03-06,FUT,52,WPG,,4,PHI,,0,0,False,False
1097,160,2024020992,2,2025-03-06,FUT,6,BOS,,12,CAR,,0,0,False,False
1098,1043,2024020993,2,2025-03-06,FUT,55,SEA,,18,NSH,,0,0,False,False
1099,604,2024020994,2,2025-03-06,FUT,20,CGY,,25,DAL,,0,0,False,False
1100,691,2024020995,2,2025-03-06,FUT,8,MTL,,22,EDM,,0,0,False,False
1101,956,2024020996,2,2025-03-06,FUT,28,SJS,,21,COL,,0,0,False,False
1102,2373,2024020997,2,2025-03-07,FUT,52,WPG,,1,NJD,,0,0,False,False
1103,70,2024020998,2,2025-03-07,FUT,17,DET,,15,WSH,,0,0,False,False
1104,1396,2024020999,2,2025-03-07,FUT,59,UTA,,16,CHI,,0,0,False,False
1105,867,2024021000,2,2025-03-07,FUT,30,MIN,,23,VAN,,0,0,False,False
1106,250,2024021001,2,2025-03-07,FUT,5,PIT,,54,VGK,,0,0,False,False
1107,1131,2024021002,2,2025-03-07,FUT,19,STL,,24,ANA,,0,0,False,False
1108,1484,2024021003,2,2025-03-08,FUT,3,NYR,,9,OTT,,0,0,False,False
1109,427,2024021004,2,2025-03-08,FUT,55,SEA,,4,PHI,,0,0,False,False
1110,161,2024021005,2,2025-03-08,FUT,6,BOS,,14,TBL,,0,0,False,False
1111,1575,2024021006,2,2025-03-08,FUT,7,BUF,,13,FLA,,0,0,False,False
1112,957,2024021007,2,2025-03-08,FUT,10,TOR,,21,COL,,0,0,False,False
1113,605,2024021008,2,2025-03-08,FUT,8,MTL,,20,CGY,,0,0,False,False
1114,1044,2024021009,2,2025-03-08,FUT,16,CHI,,18,NSH,,0,0,False,False
1115,1843,2024021010,2,2025-03-08,FUT,19,STL,,26,LAK,,0,0,False,False
1116,1308,2024021011,2,2025-03-08,FUT,25,DAL,,22,EDM,,0,0,False,False
1117,1928,2024021012,2,2025-03-08,FUT,2,NYI,,28,SJS,,0,0,False,False
1118,428,2024021013,2,2025-03-09,FUT,1,NJD,,4,PHI,,0,0,False,False
1119,781,2024021014,2,2025-03-09,FUT,55,SEA,,15,WSH,,0,0,False,False
1120,251,2024021015,2,2025-03-09,FUT,5,PIT,,30,MIN,,0,0,False,False
1121,515,2024021016,2,2025-03-09,FUT,52,WPG,,12,CAR,,0,0,False,False
1122,1485,2024021017,2,2025-03-09,FUT,29,CBJ,,3,NYR,,0,0,False,False
1123,1220,2024021018,2,2025-03-09,FUT,26,LAK,,54,VGK,,0,0,False,False
1124,868,2024021019,2,2025-03-09,FUT,25,DAL,,23,VAN,,0,0,False,False
1125,1132,2024021020,2,2025-03-09,FUT,2,NYI,,24,ANA,,0,0,False,False
1126,1665,2024021021,2,2025-03-10,FUT,22,EDM,,7,BUF,,0,0,False,False
1127,71,2024021022,2,2025-03-10,FUT,17,DET,,9,OTT,,0,0,False,False
1128,958,2024021023,2,2025-03-10,FUT,16,CHI,,21,COL,,0,0,False,False
1129,2284,2024021024,2,2025-03-10,FUT,10,TOR,,59,UTA,,0,0,False,False
1130,162,2024021025,2,2025-03-11,FUT,13,FLA,,6,BOS,,0,0,False,False
1131,2375,2024021026,2,2025-03-11,FUT,29,CBJ,,1,NJD,,0,0,False,False
1132,429,2024021027,2,2025-03-11,FUT,9,OTT,,4,PHI,,0,0,False,False
1133,252,2024021028,2,2025-03-11,FUT,54,VGK,,5,PIT,,0,0,False,False
1134,338,2024021029,2,2025-03-11,FUT,14,TBL,,12,CAR,,0,0,False,False
1135,959,2024021030,2,2025-03-11,FUT,21,COL,,30,MIN,,0,0,False,False
1136,1486,2024021031,2,2025-03-11,FUT,3,NYR,,52,WPG,,0,0,False,False
1137,693,2024021032,2,2025-03-11,FUT,8,MTL,,23,VAN,,0,0,False,False
1138,782,2024021033,2,2025-03-11,FUT,15,WSH,,24,ANA,,0,0,False,False
1139,1930,2024021034,2,2025-03-11,FUT,2,NYI,,26,LAK,,0,0,False,False
1140,1045,2024021035,2,2025-03-11,FUT,18,NSH,,28,SJS,,0,0,False,False
1141,72,2024021036,2,2025-03-12,FUT,7,BUF,,17,DET,,0,0,False,False
1142,606,2024021037,2,2025-03-12,FUT,23,VAN,,20,CGY,,0,0,False,False
1143,1134,2024021038,2,2025-03-12,FUT,24,ANA,,59,UTA,,0,0,False,False
1144,694,2024021039,2,2025-03-12,FUT,8,MTL,,55,SEA,,0,0,False,False
1145,1577,2024021040,2,2025-03-13,FUT,13,FLA,,10,TOR,,0,0,False,False
1146,163,2024021041,2,2025-03-13,FUT,6,BOS,,9,OTT,,0,0,False,False
1147,1666,2024021042,2,2025-03-13,FUT,22,EDM,,1,NJD,,0,0,False,False
1148,339,2024021043,2,2025-03-13,FUT,14,TBL,,4,PHI,,0,0,False,False
1149,253,2024021044,2,2025-03-13,FUT,19,STL,,5,PIT,,0,0,False,False
1150,1222,2024021045,2,2025-03-13,FUT,54,VGK,,29,CBJ,,0,0,False,False
1151,1487,2024021046,2,2025-03-13,FUT,3,NYR,,30,MIN,,0,0,False,False
1152,783,2024021047,2,2025-03-13,FUT,15,WSH,,26,LAK,,0,0,False,False
1153,1399,2024021048,2,2025-03-13,FUT,16,CHI,,28,SJS,,0,0,False,False
1154,73,2024021049,2,2025-03-14,FUT,17,DET,,12,CAR,,0,0,False,False
1155,1667,2024021050,2,2025-03-14,FUT,22,EDM,,2,NYI,,0,0,False,False
1156,1310,2024021051,2,2025-03-14,FUT,25,DAL,,52,WPG,,0,0,False,False
1157,607,2024021052,2,2025-03-14,FUT,21,COL,,20,CGY,,0,0,False,False
1158,1046,2024021053,2,2025-03-14,FUT,18,NSH,,24,ANA,,0,0,False,False
1159,2552,2024021054,2,2025-03-14,FUT,59,UTA,,55,SEA,,0,0,False,False
1160,1223,2024021055,2,2025-03-15,FUT,54,VGK,,7,BUF,,0,0,False,False
1161,254,2024021056,2,2025-03-15,FUT,1,NJD,,5,PIT,,0,0,False,False
1162,784,2024021057,2,2025-03-15,FUT,15,WSH,,28,SJS,,0,0,False,False
1163,164,2024021058,2,2025-03-15,FUT,14,TBL,,6,BOS,,0,0,False,False
1164,2198,2024021059,2,2025-03-15,FUT,9,OTT,,10,TOR,,0,0,False,False
1165,695,2024021060,2,2025-03-15,FUT,13,FLA,,8,MTL,,0,0,False,False
1166,431,2024021061,2,2025-03-15,FUT,12,CAR,,4,PHI,,0,0,False,False
1167,1488,2024021062,2,2025-03-15,FUT,3,NYR,,29,CBJ,,0,0,False,False
1168,1756,2024021063,2,2025-03-15,FUT,19,STL,,30,MIN,,0,0,False,False
1169,1047,2024021064,2,2025-03-15,FUT,18,NSH,,26,LAK,,0,0,False,False
1170,871,2024021065,2,2025-03-15,FUT,16,CHI,,23,VAN,,0,0,False,False
1171,74,2024021066,2,2025-03-16,FUT,54,VGK,,17,DET,,0,0,False,False
1172,961,2024021067,2,2025-03-16,FUT,25,DAL,,21,COL,,0,0,False,False
1173,1136,2024021068,2,2025-03-16,FUT,24,ANA,,19,STL,,0,0,False,False
1174,1489,2024021069,2,2025-03-16,FUT,22,EDM,,3,NYR,,0,0,False,False
1175,1579,2024021070,2,2025-03-16,FUT,13,FLA,,2,NYI,,0,0,False,False
1176,872,2024021071,2,2025-03-16,FUT,59,UTA,,23,VAN,,0,0,False,False
1177,2465,2024021072,2,2025-03-16,FUT,52,WPG,,55,SEA,,0,0,False,False
1178,165,2024021073,2,2025-03-17,FUT,7,BUF,,6,BOS,,0,0,False,False
1179,341,2024021074,2,2025-03-17,FUT,4,PHI,,14,TBL,,0,0,False,False
1180,2378,2024021075,2,2025-03-17,FUT,1,NJD,,29,CBJ,,0,0,False,False
1181,608,2024021076,2,2025-03-17,FUT,20,CGY,,10,TOR,,0,0,False,False
1182,1757,2024021077,2,2025-03-17,FUT,26,LAK,,30,MIN,,0,0,False,False
1183,696,2024021078,2,2025-03-18,FUT,9,OTT,,8,MTL,,0,0,False,False
1184,609,2024021079,2,2025-03-18,FUT,20,CGY,,3,NYR,,0,0,False,False
1185,255,2024021080,2,2025-03-18,FUT,2,NYI,,5,PIT,,0,0,False,False
1186,75,2024021081,2,2025-03-18,FUT,17,DET,,15,WSH,,0,0,False,False
1187,1048,2024021082,2,2025-03-18,FUT,19,STL,,18,NSH,,0,0,False,False
1188,1137,2024021083,2,2025-03-18,FUT,24,ANA,,25,DAL,,0,0,False,False
1189,1401,2024021084,2,2025-03-18,FUT,55,SEA,,16,CHI,,0,0,False,False
1190,1669,2024021085,2,2025-03-18,FUT,59,UTA,,22,EDM,,0,0,False,False
1191,873,2024021086,2,2025-03-18,FUT,52,WPG,,23,VAN,,0,0,False,False
1192,962,2024021087,2,2025-03-19,FUT,21,COL,,10,TOR,,0,0,False,False
1193,1758,2024021088,2,2025-03-19,FUT,55,SEA,,30,MIN,,0,0,False,False
1194,963,2024021089,2,2025-03-20,FUT,21,COL,,9,OTT,,0,0,False,False
1195,610,2024021090,2,2025-03-20,FUT,20,CGY,,1,NJD,,0,0,False,False
1196,1491,2024021091,2,2025-03-20,FUT,10,TOR,,3,NYR,,0,0,False,False
1197,433,2024021092,2,2025-03-20,FUT,4,PHI,,15,WSH,,0,0,False,False
1198,1580,2024021093,2,2025-03-20,FUT,13,FLA,,29,CBJ,,0,0,False,False
1199,697,2024021094,2,2025-03-20,FUT,8,MTL,,2,NYI,,0,0,False,False
1200,874,2024021095,2,2025-03-20,FUT,23,VAN,,19,STL,,0,0,False,False
1201,1049,2024021096,2,2025-03-20,FUT,24,ANA,,18,NSH,,0,0,False,False
1202,342,2024021097,2,2025-03-20,FUT,14,TBL,,25,DAL,,0,0,False,False
1203,1402,2024021098,2,2025-03-20,FUT,26,LAK,,16,CHI,,0,0,False,False
1204,1670,2024021099,2,2025-03-20,FUT,52,WPG,,22,EDM,,0,0,False,False
1205,2110,2024021100,2,2025-03-20,FUT,7,BUF,,59,UTA,,0,0,False,False
1206,166,2024021101,2,2025-03-20,FUT,6,BOS,,54,VGK,,0,0,False,False
1207,519,2024021102,2,2025-03-20,FUT,12,CAR,,28,SJS,,0,0,False,False
1208,256,2024021103,2,2025-03-21,FUT,29,CBJ,,5,PIT,,0,0,False,False
1209,875,2024021104,2,2025-03-22,FUT,23,VAN,,3,NYR,,0,0,False,False
1210,434,2024021105,2,2025-03-22,FUT,4,PHI,,25,DAL,,0,0,False,False
1211,1759,2024021106,2,2025-03-22,FUT,7,BUF,,30,MIN,,0,0,False,False
1212,1403,2024021107,2,2025-03-22,FUT,16,CHI,,19,STL,,0,0,False,False
1213,611,2024021108,2,2025-03-22,FUT,20,CGY,,2,NYI,,0,0,False,False
1214,520,2024021109,2,2025-03-22,FUT,12,CAR,,26,LAK,,0,0,False,False
1215,787,2024021110,2,2025-03-22,FUT,13,FLA,,15,WSH,,0,0,False,False
1216,343,2024021111,2,2025-03-22,FUT,14,TBL,,59,UTA,,0,0,False,False
1217,698,2024021112,2,2025-03-22,FUT,21,COL,,8,MTL,,0,0,False,False
1218,2201,2024021113,2,2025-03-22,FUT,9,OTT,,1,NJD,,0,0,False,False
1219,1050,2024021114,2,2025-03-22,FUT,10,TOR,,18,NSH,,0,0,False,False
1220,76,2024021115,2,2025-03-22,FUT,17,DET,,54,VGK,,0,0,False,False
1221,1671,2024021116,2,2025-03-22,FUT,55,SEA,,22,EDM,,0,0,False,False
1222,167,2024021117,2,2025-03-22,FUT,6,BOS,,28,SJS,,0,0,False,False
1223,435,2024021118,2,2025-03-23,FUT,4,PHI,,16,CHI,,0,0,False,False
1224,2112,2024021119,2,2025-03-23,FUT,7,BUF,,52,WPG,,0,0,False,False
1225,257,2024021120,2,2025-03-23,FUT,5,PIT,,13,FLA,,0,0,False,False
1226,1051,2024021121,2,2025-03-23,FUT,18,NSH,,19,STL,,0,0,False,False
1227,344,2024021122,2,2025-03-23,FUT,14,TBL,,54,VGK,,0,0,False,False
1228,521,2024021123,2,2025-03-23,FUT,12,CAR,,24,ANA,,0,0,False,False
1229,168,2024021124,2,2025-03-23,FUT,6,BOS,,26,LAK,,0,0,False,False
1230,876,2024021125,2,2025-03-24,FUT,23,VAN,,1,NJD,,0,0,False,False
1231,1936,2024021126,2,2025-03-24,FUT,29,CBJ,,2,NYI,,0,0,False,False
1232,1315,2024021127,2,2025-03-24,FUT,30,MIN,,25,DAL,,0,0,False,False
1233,77,2024021128,2,2025-03-24,FUT,17,DET,,59,UTA,,0,0,False,False
1234,2113,2024021129,2,2025-03-25,FUT,9,OTT,,7,BUF,,0,0,False,False
1235,436,2024021130,2,2025-03-25,FUT,4,PHI,,10,TOR,,0,0,False,False
1236,258,2024021131,2,2025-03-25,FUT,5,PIT,,14,TBL,,0,0,False,False
1237,522,2024021132,2,2025-03-25,FUT,18,NSH,,12,CAR,,0,0,False,False
1238,699,2024021133,2,2025-03-25,FUT,8,MTL,,19,STL,,0,0,False,False
1239,1228,2024021134,2,2025-03-25,FUT,54,VGK,,30,MIN,,0,0,False,False
1240,788,2024021135,2,2025-03-25,FUT,15,WSH,,52,WPG,,0,0,False,False
1241,78,2024021136,2,2025-03-25,FUT,17,DET,,21,COL,,0,0,False,False
1242,612,2024021137,2,2025-03-25,FUT,55,SEA,,20,CGY,,0,0,False,False
1243,1493,2024021138,2,2025-03-25,FUT,3,NYR,,26,LAK,,0,0,False,False
1244,877,2024021139,2,2025-03-26,FUT,23,VAN,,2,NYI,,0,0,False,False
1245,1405,2024021140,2,2025-03-26,FUT,1,NJD,,16,CHI,,0,0,False,False
1246,1316,2024021141,2,2025-03-26,FUT,25,DAL,,22,EDM,,0,0,False,False
1247,169,2024021142,2,2025-03-26,FUT,6,BOS,,24,ANA,,0,0,False,False
1248,259,2024021143,2,2025-03-27,FUT,5,PIT,,7,BUF,,0,0,False,False
1249,79,2024021144,2,2025-03-27,FUT,9,OTT,,17,DET,,0,0,False,False
1250,346,2024021145,2,2025-03-27,FUT,59,UTA,,14,TBL,,0,0,False,False
1251,437,2024021146,2,2025-03-27,FUT,8,MTL,,4,PHI,,0,0,False,False
1252,1053,2024021147,2,2025-03-27,FUT,19,STL,,18,NSH,,0,0,False,False
1253,789,2024021148,2,2025-03-27,FUT,15,WSH,,30,MIN,,0,0,False,False
1254,966,2024021149,2,2025-03-27,FUT,26,LAK,,21,COL,,0,0,False,False
1255,613,2024021150,2,2025-03-27,FUT,25,DAL,,20,CGY,,0,0,False,False
1256,1673,2024021151,2,2025-03-27,FUT,22,EDM,,55,SEA,,0,0,False,False
1257,2292,2024021152,2,2025-03-27,FUT,10,TOR,,28,SJS,,0,0,False,False
1258,1583,2024021153,2,2025-03-28,FUT,59,UTA,,13,FLA,,0,0,False,False
1259,523,2024021154,2,2025-03-28,FUT,8,MTL,,12,CAR,,0,0,False,False
1260,878,2024021155,2,2025-03-28,FUT,23,VAN,,29,CBJ,,0,0,False,False
1261,2383,2024021156,2,2025-03-28,FUT,1,NJD,,52,WPG,,0,0,False,False
1262,1229,2024021157,2,2025-03-28,FUT,54,VGK,,16,CHI,,0,0,False,False
1263,1141,2024021158,2,2025-03-28,FUT,3,NYR,,24,ANA,,0,0,False,False
1264,438,2024021159,2,2025-03-29,FUT,7,BUF,,4,PHI,,0,0,False,False
1265,347,2024021160,2,2025-03-29,FUT,2,NYI,,14,TBL,,0,0,False,False
1266,967,2024021161,2,2025-03-29,FUT,19,STL,,21,COL,,0,0,False,False
1267,1763,2024021162,2,2025-03-29,FUT,1,NJD,,30,MIN,,0,0,False,False
1268,1054,2024021163,2,2025-03-29,FUT,54,VGK,,18,NSH,,0,0,False,False
1269,2204,2024021164,2,2025-03-29,FUT,29,CBJ,,9,OTT,,0,0,False,False
1270,2027,2024021165,2,2025-03-29,FUT,10,TOR,,26,LAK,,0,0,False,False
1271,80,2024021166,2,2025-03-29,FUT,6,BOS,,17,DET,,0,0,False,False
1272,614,2024021167,2,2025-03-29,FUT,20,CGY,,22,EDM,,0,0,False,False
1273,1495,2024021168,2,2025-03-29,FUT,3,NYR,,28,SJS,,0,0,False,False
1274,1318,2024021169,2,2025-03-29,FUT,25,DAL,,55,SEA,,0,0,False,False
1275,702,2024021170,2,2025-03-30,FUT,8,MTL,,13,FLA,,0,0,False,False
1276,790,2024021171,2,2025-03-30,FUT,7,BUF,,15,WSH,,0,0,False,False
1277,879,2024021172,2,2025-03-30,FUT,23,VAN,,52,WPG,,0,0,False,False
1278,1407,2024021173,2,2025-03-30,FUT,59,UTA,,16,CHI,,0,0,False,False
1279,260,2024021174,2,2025-03-30,FUT,9,OTT,,5,PIT,,0,0,False,False
1280,524,2024021175,2,2025-03-30,FUT,2,NYI,,12,CAR,,0,0,False,False
1281,1142,2024021176,2,2025-03-30,FUT,10,TOR,,24,ANA,,0,0,False,False
1282,2028,2024021177,2,2025-03-30,FUT,28,SJS,,26,LAK,,0,0,False,False
1283,1764,2024021178,2,2025-03-31,FUT,30,MIN,,1,NJD,,0,0,False,False
1284,439,2024021179,2,2025-03-31,FUT,18,NSH,,4,PHI,,0,0,False,False
1285,615,2024021180,2,2025-03-31,FUT,20,CGY,,21,COL,,0,0,False,False
1286,1319,2024021181,2,2025-03-31,FUT,25,DAL,,55,SEA,,0,0,False,False
1287,171,2024021182,2,2025-04-01,FUT,15,WSH,,6,BOS,,0,0,False,False
1288,703,2024021183,2,2025-04-01,FUT,13,FLA,,8,MTL,,0,0,False,False
1289,2117,2024021184,2,2025-04-01,FUT,7,BUF,,9,OTT,,0,0,False,False
1290,1056,2024021185,2,2025-04-01,FUT,18,NSH,,29,CBJ,,0,0,False,False
1291,348,2024021186,2,2025-04-01,FUT,14,TBL,,2,NYI,,0,0,False,False
1292,81,2024021187,2,2025-04-01,FUT,17,DET,,19,STL,,0,0,False,False
1293,616,2024021188,2,2025-04-01,FUT,20,CGY,,59,UTA,,0,0,False,False
1294,1231,2024021189,2,2025-04-01,FUT,22,EDM,,54,VGK,,0,0,False,False
1295,1143,2024021190,2,2025-04-01,FUT,28,SJS,,24,ANA,,0,0,False,False
1296,2029,2024021191,2,2025-04-01,FUT,52,WPG,,26,LAK,,0,0,False,False
1297,1496,2024021192,2,2025-04-02,FUT,30,MIN,,3,NYR,,0,0,False,False
1298,525,2024021193,2,2025-04-02,FUT,15,WSH,,12,CAR,,0,0,False,False
1299,1586,2024021194,2,2025-04-02,FUT,13,FLA,,10,TOR,,0,0,False,False
1300,969,2024021195,2,2025-04-02,FUT,21,COL,,16,CHI,,0,0,False,False
1301,880,2024021196,2,2025-04-02,FUT,55,SEA,,23,VAN,,0,0,False,False
1302,172,2024021197,2,2025-04-03,FUT,6,BOS,,8,MTL,,0,0,False,False
1303,349,2024021198,2,2025-04-03,FUT,14,TBL,,9,OTT,,0,0,False,False
1304,970,2024021199,2,2025-04-03,FUT,21,COL,,29,CBJ,,0,0,False,False
1305,261,2024021200,2,2025-04-03,FUT,5,PIT,,19,STL,,0,0,False,False
1306,1057,2024021201,2,2025-04-03,FUT,18,NSH,,25,DAL,,0,0,False,False
1307,2030,2024021202,2,2025-04-03,FUT,26,LAK,,59,UTA,,0,0,False,False
1308,617,2024021203,2,2025-04-03,FUT,24,ANA,,20,CGY,,0,0,False,False
1309,1232,2024021204,2,2025-04-03,FUT,52,WPG,,54,VGK,,0,0,False,False
1310,1676,2024021205,2,2025-04-03,FUT,22,EDM,,28,SJS,,0,0,False,False
1311,82,2024021206,2,2025-04-04,FUT,12,CAR,,17,DET,,0,0,False,False
1312,793,2024021207,2,2025-04-04,FUT,16,CHI,,15,WSH,,0,0,False,False
1313,1766,2024021208,2,2025-04-04,FUT,30,MIN,,2,NYI,,0,0,False,False
1314,1497,2024021209,2,2025-04-05,FUT,3,NYR,,1,NJD,,0,0,False,False
1315,1587,2024021210,2,2025-04-05,FUT,13,FLA,,9,OTT,,0,0,False,False
1316,262,2024021211,2,2025-04-05,FUT,5,PIT,,25,DAL,,0,0,False,False
1317,881,2024021212,2,2025-04-05,FUT,24,ANA,,23,VAN,,0,0,False,False
1318,1677,2024021213,2,2025-04-05,FUT,22,EDM,,26,LAK,,0,0,False,False
1319,173,2024021214,2,2025-04-05,FUT,12,CAR,,6,BOS,,0,0,False,False
1320,350,2024021215,2,2025-04-05,FUT,14,TBL,,7,BUF,,0,0,False,False
1321,2296,2024021216,2,2025-04-05,FUT,29,CBJ,,10,TOR,,0,0,False,False
1322,440,2024021217,2,2025-04-05,FUT,4,PHI,,8,MTL,,0,0,False,False
1323,971,2024021218,2,2025-04-05,FUT,21,COL,,19,STL,,0,0,False,False
1324,2474,2024021219,2,2025-04-05,FUT,52,WPG,,59,UTA,,0,0,False,False
1325,618,2024021220,2,2025-04-05,FUT,54,VGK,,20,CGY,,0,0,False,False
1326,2562,2024021221,2,2025-04-05,FUT,55,SEA,,28,SJS,,0,0,False,False
1327,794,2024021222,2,2025-04-06,FUT,15,WSH,,2,NYI,,0,0,False,False
1328,1322,2024021223,2,2025-04-06,FUT,25,DAL,,30,MIN,,0,0,False,False
1329,2209,2024021224,2,2025-04-06,FUT,29,CBJ,,9,OTT,,0,0,False,False
1330,83,2024021225,2,2025-04-06,FUT,13,FLA,,17,DET,,0,0,False,False
1331,174,2024021226,2,2025-04-06,FUT,6,BOS,,7,BUF,,0,0,False,False
1332,263,2024021227,2,2025-04-06,FUT,5,PIT,,16,CHI,,0,0,False,False
1333,706,2024021228,2,2025-04-06,FUT,8,MTL,,18,NSH,,0,0,False,False
1334,882,2024021229,2,2025-04-06,FUT,54,VGK,,23,VAN,,0,0,False,False
1335,351,2024021230,2,2025-04-07,FUT,14,TBL,,3,NYR,,0,0,False,False
1336,1857,2024021231,2,2025-04-07,FUT,19,STL,,52,WPG,,0,0,False,False
1337,1146,2024021232,2,2025-04-07,FUT,22,EDM,,24,ANA,,0,0,False,False
1338,2032,2024021233,2,2025-04-07,FUT,55,SEA,,26,LAK,,0,0,False,False
1339,619,2024021234,2,2025-04-07,FUT,20,CGY,,28,SJS,,0,0,False,False
1340,528,2024021235,2,2025-04-08,FUT,12,CAR,,7,BUF,,0,0,False,False
1341,84,2024021236,2,2025-04-08,FUT,17,DET,,8,MTL,,0,0,False,False
1342,1589,2024021237,2,2025-04-08,FUT,10,TOR,,13,FLA,,0,0,False,False
1343,175,2024021238,2,2025-04-08,FUT,6,BOS,,1,NJD,,0,0,False,False
1344,2210,2024021239,2,2025-04-08,FUT,9,OTT,,29,CBJ,,0,0,False,False
1345,264,2024021240,2,2025-04-08,FUT,16,CHI,,5,PIT,,0,0,False,False
1346,1059,2024021241,2,2025-04-08,FUT,2,NYI,,18,NSH,,0,0,False,False
1347,883,2024021242,2,2025-04-08,FUT,23,VAN,,25,DAL,,0,0,False,False
1348,2564,2024021243,2,2025-04-08,FUT,55,SEA,,59,UTA,,0,0,False,False
1349,972,2024021244,2,2025-04-08,FUT,54,VGK,,21,COL,,0,0,False,False
1350,352,2024021245,2,2025-04-09,FUT,10,TOR,,14,TBL,,0,0,False,False
1351,441,2024021246,2,2025-04-09,FUT,4,PHI,,3,NYR,,0,0,False,False
1352,1768,2024021247,2,2025-04-09,FUT,28,SJS,,30,MIN,,0,0,False,False
1353,1679,2024021248,2,2025-04-09,FUT,19,STL,,22,EDM,,0,0,False,False
1354,620,2024021249,2,2025-04-09,FUT,20,CGY,,24,ANA,,0,0,False,False
1355,176,2024021250,2,2025-04-10,FUT,16,CHI,,6,BOS,,0,0,False,False
1356,85,2024021251,2,2025-04-10,FUT,17,DET,,13,FLA,,0,0,False,False
1357,529,2024021252,2,2025-04-10,FUT,12,CAR,,15,WSH,,0,0,False,False
1358,2121,2024021253,2,2025-04-10,FUT,7,BUF,,29,CBJ,,0,0,False,False
1359,1500,2024021254,2,2025-04-10,FUT,3,NYR,,2,NYI,,0,0,False,False
1360,1324,2024021255,2,2025-04-10,FUT,52,WPG,,25,DAL,,0,0,False,False
1361,884,2024021256,2,2025-04-10,FUT,23,VAN,,21,COL,,0,0,False,False
1362,1060,2024021257,2,2025-04-10,FUT,18,NSH,,59,UTA,,0,0,False,False
1363,1236,2024021258,2,2025-04-10,FUT,55,SEA,,54,VGK,,0,0,False,False
1364,1148,2024021259,2,2025-04-10,FUT,24,ANA,,26,LAK,,0,0,False,False
1365,708,2024021260,2,2025-04-11,FUT,8,MTL,,9,OTT,,0,0,False,False
1366,86,2024021261,2,2025-04-11,FUT,17,DET,,14,TBL,,0,0,False,False
1367,265,2024021262,2,2025-04-11,FUT,5,PIT,,1,NJD,,0,0,False,False
1368,1680,2024021263,2,2025-04-11,FUT,28,SJS,,22,EDM,,0,0,False,False
1369,621,2024021264,2,2025-04-11,FUT,30,MIN,,20,CGY,,0,0,False,False
1370,442,2024021265,2,2025-04-12,FUT,2,NYI,,4,PHI,,0,0,False,False
1371,530,2024021266,2,2025-04-12,FUT,3,NYR,,12,CAR,,0,0,False,False
1372,974,2024021267,2,2025-04-12,FUT,21,COL,,26,LAK,,0,0,False,False
1373,1591,2024021268,2,2025-04-12,FUT,7,BUF,,13,FLA,,0,0,False,False
1374,709,2024021269,2,2025-04-12,FUT,8,MTL,,10,TOR,,0,0,False,False
1375,796,2024021270,2,2025-04-12,FUT,15,WSH,,29,CBJ,,0,0,False,False
1376,1413,2024021271,2,2025-04-12,FUT,52,WPG,,16,CHI,,0,0,False,False
1377,1325,2024021272,2,2025-04-12,FUT,59,UTA,,25,DAL,,0,0,False,False
1378,885,2024021273,2,2025-04-12,FUT,30,MIN,,23,VAN,,0,0,False,False
1379,1061,2024021274,2,2025-04-12,FUT,18,NSH,,54,VGK,,0,0,False,False
1380,1859,2024021275,2,2025-04-12,FUT,19,STL,,55,SEA,,0,0,False,False
1381,443,2024021276,2,2025-04-13,FUT,4,PHI,,9,OTT,,0,0,False,False
1382,1946,2024021277,2,2025-04-13,FUT,2,NYI,,1,NJD,,0,0,False,False
1383,177,2024021278,2,2025-04-13,FUT,6,BOS,,5,PIT,,0,0,False,False
1384,531,2024021279,2,2025-04-13,FUT,10,TOR,,12,CAR,,0,0,False,False
1385,354,2024021280,2,2025-04-13,FUT,7,BUF,,14,TBL,,0,0,False,False
1386,797,2024021281,2,2025-04-13,FUT,29,CBJ,,15,WSH,,0,0,False,False
1387,1681,2024021282,2,2025-04-13,FUT,22,EDM,,52,WPG,,0,0,False,False
1388,622,2024021283,2,2025-04-13,FUT,28,SJS,,20,CGY,,0,0,False,False
1389,975,2024021284,2,2025-04-13,FUT,21,COL,,24,ANA,,0,0,False,False
1390,710,2024021285,2,2025-04-14,FUT,16,CHI,,8,MTL,,0,0,False,False
1391,87,2024021286,2,2025-04-14,FUT,25,DAL,,17,DET,,0,0,False,False
1392,1502,2024021287,2,2025-04-14,FUT,3,NYR,,13,FLA,,0,0,False,False
1393,1062,2024021288,2,2025-04-14,FUT,59,UTA,,18,NSH,,0,0,False,False
1394,1682,2024021289,2,2025-04-14,FUT,26,LAK,,22,EDM,,0,0,False,False
1395,886,2024021290,2,2025-04-14,FUT,28,SJS,,23,VAN,,0,0,False,False
1396,178,2024021291,2,2025-04-15,FUT,1,NJD,,6,BOS,,0,0,False,False
1397,2124,2024021292,2,2025-04-15,FUT,10,TOR,,7,BUF,,0,0,False,False
1398,1415,2024021293,2,2025-04-15,FUT,16,CHI,,9,OTT,,0,0,False,False
1399,355,2024021294,2,2025-04-15,FUT,13,FLA,,14,TBL,,0,0,False,False
1400,444,2024021295,2,2025-04-15,FUT,29,CBJ,,4,PHI,,0,0,False,False
1401,798,2024021296,2,2025-04-15,FUT,15,WSH,,2,NYI,,0,0,False,False
1402,1860,2024021297,2,2025-04-15,FUT,59,UTA,,19,STL,,0,0,False,False
1403,1150,2024021298,2,2025-04-15,FUT,24,ANA,,30,MIN,,0,0,False,False
1404,623,2024021299,2,2025-04-15,FUT,54,VGK,,20,CGY,,0,0,False,False
1405,2036,2024021300,2,2025-04-15,FUT,26,LAK,,55,SEA,,0,0,False,False
1406,532,2024021301,2,2025-04-16,FUT,12,CAR,,8,MTL,,0,0,False,False
1407,1151,2024021302,2,2025-04-16,FUT,24,ANA,,52,WPG,,0,0,False,False
1408,88,2024021303,2,2025-04-16,FUT,17,DET,,1,NJD,,0,0,False,False
1409,1063,2024021304,2,2025-04-16,FUT,25,DAL,,18,NSH,,0,0,False,False
1410,887,2024021305,2,2025-04-16,FUT,54,VGK,,23,VAN,,0,0,False,False
1411,1683,2024021306,2,2025-04-16,FUT,22,EDM,,28,SJS,,0,0,False,False
1412,445,2024021307,2,2025-04-17,FUT,4,PHI,,7,BUF,,0,0,False,False
1413,89,2024021308,2,2025-04-17,FUT,17,DET,,10,TOR,,0,0,False,False
1414,533,2024021309,2,2025-04-17,FUT,12,CAR,,9,OTT,,0,0,False,False
1415,356,2024021310,2,2025-04-17,FUT,14,TBL,,3,NYR,,0,0,False,False
1416,267,2024021311,2,2025-04-17,FUT,15,WSH,,5,PIT,,0,0,False,False
1417,1948,2024021312,2,2025-04-17,FUT,2,NYI,,29,CBJ,,0,0,False,False
